10011,3,0,-1,-1,10012,15,1,-1,31,-1,31,-1,31,-1,31,-1,-1,-1,-1,-1,-1,-1,-1,-1,-1,-1,-1,-1,-1,-1,-1,-1,-1,-1,1938,1780,1311000,-1,-1,-1,-1,-1,-1,-1,1
10012,3,0,-1,-1,10013,15,1,-1,31,-1,31,-1,31,-1,31,-1,-1,-1,-1,-1,-1,-1,-1,-1,-1,-1,-1,-1,-1,-1,-1,-1,-1,-1,1938,1780,1311000,-1,-1,-1,-1,-1,-1,-1,1
10013,3,0,-1,-1,10021,15,1,-1,31,-1,31,-1,31,-1,31,-1,-1,-1,-1,-1,-1,-1,-1,-1,-1,-1,-1,-1,-1,-1,-1,-1,-1,-1,1938,1780,1311000,-1,-1,-1,-1,-1,-1,-1,1
10021,3,0,-1,-1,10022,15,1,-1,31,-1,31,-1,31,-1,31,-1,-1,-1,-1,-1,-1,-1,-1,-1,-1,-1,-1,-1,-1,-1,-1,-1,-1,-1,1938,1780,1311000,-1,-1,-1,-1,-1,-1,-1,1
10022,3,0,-1,-1,10023,15,1,-1,31,-1,31,-1,31,-1,31,-1,-1,-1,-1,-1,-1,-1,-1,-1,-1,-1,-1,-1,-1,-1,-1,-1,-1,-1,1938,1780,1311000,-1,-1,-1,-1,-1,-1,-1,1
10023,3,0,-1,-1,10031,15,1,-1,31,-1,31,-1,31,-1,31,-1,-1,-1,-1,-1,-1,-1,-1,-1,-1,-1,-1,-1,-1,-1,-1,-1,-1,-1,1938,1780,1311000,-1,-1,-1,-1,-1,-1,-1,1
10031,3,0,-1,-1,10032,15,1,-1,31,-1,31,-1,31,-1,31,-1,-1,-1,-1,-1,-1,-1,-1,-1,-1,-1,-1,-1,-1,-1,-1,-1,-1,-1,1938,1780,1311000,-1,-1,-1,-1,-1,-1,-1,1
10032,3,0,-1,-1,10033,15,1,-1,31,-1,31,-1,31,-1,31,-1,-1,-1,-1,-1,-1,-1,-1,-1,-1,-1,-1,-1,-1,-1,-1,-1,-1,-1,1938,1780,1311000,-1,-1,-1,-1,-1,-1,-1,1
10033,3,0,-1,-1,10041,15,1,-1,31,-1,31,-1,31,-1,31,-1,-1,-1,-1,-1,-1,-1,-1,-1,-1,-1,-1,-1,-1,-1,-1,-1,-1,-1,1938,1780,1311000,-1,-1,-1,-1,-1,-1,-1,1
10041,3,0,-1,-1,10042,15,1,-1,31,-1,31,-1,31,-1,31,-1,-1,-1,-1,-1,-1,-1,-1,-1,-1,-1,-1,-1,-1,-1,-1,-1,-1,-1,1938,1780,1311000,-1,-1,-1,-1,-1,-1,-1,1
10042,3,0,-1,-1,10043,15,1,-1,31,-1,31,-1,31,-1,31,-1,-1,-1,-1,-1,-1,-1,-1,-1,-1,-1,-1,-1,-1,-1,-1,-1,-1,-1,1938,1780,1311000,-1,-1,-1,-1,-1,-1,-1,1
10043,3,0,-1,-1,10051,15,1,-1,31,-1,31,-1,31,-1,31,-1,-1,-1,-1,-1,-1,-1,-1,-1,-1,-1,-1,-1,-1,-1,-1,-1,-1,-1,1938,1780,1311000,-1,-1,-1,-1,-1,-1,-1,1
10051,3,0,-1,-1,10052,15,1,-1,31,-1,31,-1,31,-1,31,-1,-1,-1,-1,-1,-1,-1,-1,-1,-1,-1,-1,-1,-1,-1,-1,-1,-1,-1,1938,1780,1311000,-1,-1,-1,-1,-1,-1,-1,1
10052,3,0,-1,-1,10053,15,1,-1,31,-1,31,-1,31,-1,31,-1,-1,-1,-1,-1,-1,-1,-1,-1,-1,-1,-1,-1,-1,-1,-1,-1,-1,-1,1938,1780,1311000,-1,-1,-1,-1,-1,-1,-1,1
10053,3,0,-1,-1,10061,15,1,-1,31,-1,31,-1,31,-1,31,-1,-1,-1,-1,-1,-1,-1,-1,-1,-1,-1,-1,-1,-1,-1,-1,-1,-1,-1,1938,1780,1311000,-1,-1,-1,-1,-1,-1,-1,1
10061,3,0,-1,-1,10062,15,1,-1,31,-1,31,-1,31,-1,31,-1,-1,-1,-1,-1,-1,-1,-1,-1,-1,-1,-1,-1,-1,-1,-1,-1,-1,-1,1938,1780,1311000,-1,-1,-1,-1,-1,-1,-1,1
10062,3,0,-1,-1,10063,15,1,-1,31,-1,31,-1,31,-1,31,-1,-1,-1,-1,-1,-1,-1,-1,-1,-1,-1,-1,-1,-1,-1,-1,-1,-1,-1,1938,1780,1311000,-1,-1,-1,-1,-1,-1,-1,1
10063,3,0,-1,-1,10071,15,1,-1,31,-1,31,-1,31,-1,31,-1,-1,-1,-1,-1,-1,-1,-1,-1,-1,-1,-1,-1,-1,-1,-1,-1,-1,-1,1938,1780,1311000,-1,-1,-1,-1,-1,-1,-1,1
10071,3,0,-1,-1,10072,15,1,-1,31,-1,31,-1,31,-1,31,-1,-1,-1,-1,-1,-1,-1,-1,-1,-1,-1,-1,-1,-1,-1,-1,-1,-1,-1,1938,1780,1311000,-1,-1,-1,-1,-1,-1,-1,1
10072,3,0,-1,-1,10073,15,1,-1,31,-1,31,-1,31,-1,31,-1,-1,-1,-1,-1,-1,-1,-1,-1,-1,-1,-1,-1,-1,-1,-1,-1,-1,-1,1938,1780,1311000,-1,-1,-1,-1,-1,-1,-1,1
10073,3,0,-1,-1,10081,15,1,-1,31,-1,31,-1,31,-1,31,-1,-1,-1,-1,-1,-1,-1,-1,-1,-1,-1,-1,-1,-1,-1,-1,-1,-1,-1,1938,1780,1311000,-1,-1,-1,-1,-1,-1,-1,1
10081,3,0,-1,-1,10082,15,1,-1,31,-1,31,-1,31,-1,31,-1,-1,-1,-1,-1,-1,-1,-1,-1,-1,-1,-1,-1,-1,-1,-1,-1,-1,-1,1938,1780,1311000,-1,-1,-1,-1,-1,-1,-1,1
10082,3,0,-1,-1,10083,15,1,-1,31,-1,31,-1,31,-1,31,-1,-1,-1,-1,-1,-1,-1,-1,-1,-1,-1,-1,-1,-1,-1,-1,-1,-1,-1,1938,1780,1311000,-1,-1,-1,-1,-1,-1,-1,1
10083,3,0,-1,-1,10091,15,1,-1,31,-1,31,-1,31,-1,31,-1,-1,-1,-1,-1,-1,-1,-1,-1,-1,-1,-1,-1,-1,-1,-1,-1,-1,-1,1938,1780,1311000,-1,-1,-1,-1,-1,-1,-1,1
10091,3,0,-1,-1,10092,15,1,-1,31,-1,31,-1,31,-1,31,-1,-1,-1,-1,-1,-1,-1,-1,-1,-1,-1,-1,-1,-1,-1,-1,-1,-1,-1,1938,1780,1311000,-1,-1,-1,-1,-1,-1,-1,1
10092,3,0,-1,-1,10093,15,1,-1,31,-1,31,-1,31,-1,31,-1,-1,-1,-1,-1,-1,-1,-1,-1,-1,-1,-1,-1,-1,-1,-1,-1,-1,-1,1938,1780,1311000,-1,-1,-1,-1,-1,-1,-1,1
10093,3,0,-1,-1,10101,15,1,-1,31,-1,31,-1,31,-1,31,-1,-1,-1,-1,-1,-1,-1,-1,-1,-1,-1,-1,-1,-1,-1,-1,-1,-1,-1,1938,1780,1311000,-1,-1,-1,-1,-1,-1,-1,1
10101,3,0,-1,-1,10102,15,1,-1,31,-1,31,-1,31,-1,31,-1,-1,-1,-1,-1,-1,-1,-1,-1,-1,-1,-1,-1,-1,-1,-1,-1,-1,-1,1938,1780,1311000,-1,-1,-1,-1,-1,-1,-1,1
10102,3,0,-1,-1,10103,15,1,-1,31,-1,31,-1,31,-1,31,-1,-1,-1,-1,-1,-1,-1,-1,-1,-1,-1,-1,-1,-1,-1,-1,-1,-1,-1,1938,1780,1311000,-1,-1,-1,-1,-1,-1,-1,1
10103,3,0,-1,-1,10111,15,1,-1,31,-1,31,-1,31,-1,31,-1,-1,-1,-1,-1,-1,-1,-1,-1,-1,-1,-1,-1,-1,-1,-1,-1,-1,-1,1938,1780,1311000,-1,-1,-1,-1,-1,-1,-1,1
10111,3,0,-1,-1,10112,15,1,-1,31,-1,31,-1,31,-1,31,-1,-1,-1,-1,-1,-1,-1,-1,-1,-1,-1,-1,-1,-1,-1,-1,-1,-1,-1,1938,1780,1311000,-1,-1,-1,-1,-1,-1,-1,1
10112,3,0,-1,-1,10113,15,1,-1,31,-1,31,-1,31,-1,31,-1,-1,-1,-1,-1,-1,-1,-1,-1,-1,-1,-1,-1,-1,-1,-1,-1,-1,-1,1938,1780,1311000,-1,-1,-1,-1,-1,-1,-1,1
10113,3,0,-1,-1,10121,15,1,-1,31,-1,31,-1,31,-1,31,-1,-1,-1,-1,-1,-1,-1,-1,-1,-1,-1,-1,-1,-1,-1,-1,-1,-1,-1,1938,1780,1311000,-1,-1,-1,-1,-1,-1,-1,1
10121,3,0,-1,-1,10122,15,1,-1,31,-1,31,-1,31,-1,31,-1,-1,-1,-1,-1,-1,-1,-1,-1,-1,-1,-1,-1,-1,-1,-1,-1,-1,-1,1938,1780,1311000,-1,-1,-1,-1,-1,-1,-1,1
10122,3,0,-1,-1,10123,15,1,-1,31,-1,31,-1,31,-1,31,-1,-1,-1,-1,-1,-1,-1,-1,-1,-1,-1,-1,-1,-1,-1,-1,-1,-1,-1,1938,1780,1311000,-1,-1,-1,-1,-1,-1,-1,1
10123,3,0,-1,-1,10131,15,1,-1,31,-1,31,-1,31,-1,31,-1,-1,-1,-1,-1,-1,-1,-1,-1,-1,-1,-1,-1,-1,-1,-1,-1,-1,-1,1938,1780,1311000,-1,-1,-1,-1,-1,-1,-1,1
10131,3,0,-1,-1,10132,15,1,-1,31,-1,31,-1,31,-1,31,-1,-1,-1,-1,-1,-1,-1,-1,-1,-1,-1,-1,-1,-1,-1,-1,-1,-1,-1,1938,1780,1311000,-1,-1,-1,-1,-1,-1,-1,1
10132,3,0,-1,-1,10133,15,1,-1,31,-1,31,-1,31,-1,31,-1,-1,-1,-1,-1,-1,-1,-1,-1,-1,-1,-1,-1,-1,-1,-1,-1,-1,-1,1938,1780,1311000,-1,-1,-1,-1,-1,-1,-1,1
10133,3,0,-1,-1,10141,15,1,-1,31,-1,31,-1,31,-1,31,-1,-1,-1,-1,-1,-1,-1,-1,-1,-1,-1,-1,-1,-1,-1,-1,-1,-1,-1,1938,1780,1311000,-1,-1,-1,-1,-1,-1,-1,1
10141,3,0,-1,-1,10142,15,1,-1,31,-1,31,-1,31,-1,31,-1,-1,-1,-1,-1,-1,-1,-1,-1,-1,-1,-1,-1,-1,-1,-1,-1,-1,-1,1938,1780,1311000,-1,-1,-1,-1,-1,-1,-1,1
10142,3,0,-1,-1,10143,15,1,-1,31,-1,31,-1,31,-1,31,-1,-1,-1,-1,-1,-1,-1,-1,-1,-1,-1,-1,-1,-1,-1,-1,-1,-1,-1,1938,1780,1311000,-1,-1,-1,-1,-1,-1,-1,1
10143,3,0,-1,-1,10151,15,1,-1,31,-1,31,-1,31,-1,31,-1,-1,-1,-1,-1,-1,-1,-1,-1,-1,-1,-1,-1,-1,-1,-1,-1,-1,-1,1938,1780,1311000,-1,-1,-1,-1,-1,-1,-1,1
10151,3,0,-1,-1,10152,15,1,-1,31,-1,31,-1,31,-1,31,-1,-1,-1,-1,-1,-1,-1,-1,-1,-1,-1,-1,-1,-1,-1,-1,-1,-1,-1,1938,1780,1311000,-1,-1,-1,-1,-1,-1,-1,1
10152,3,0,-1,-1,10153,15,1,-1,31,-1,31,-1,31,-1,31,-1,-1,-1,-1,-1,-1,-1,-1,-1,-1,-1,-1,-1,-1,-1,-1,-1,-1,-1,1938,1780,1311000,-1,-1,-1,-1,-1,-1,-1,1
10153,3,0,-1,-1,10161,15,1,-1,31,-1,31,-1,31,-1,31,-1,-1,-1,-1,-1,-1,-1,-1,-1,-1,-1,-1,-1,-1,-1,-1,-1,-1,-1,1938,1780,1311000,-1,-1,-1,-1,-1,-1,-1,1
10161,3,0,-1,-1,10162,15,1,-1,31,-1,31,-1,31,-1,31,-1,-1,-1,-1,-1,-1,-1,-1,-1,-1,-1,-1,-1,-1,-1,-1,-1,-1,-1,1938,1780,1311000,-1,-1,-1,-1,-1,-1,-1,1
10162,3,0,-1,-1,10163,15,1,-1,31,-1,31,-1,31,-1,31,-1,-1,-1,-1,-1,-1,-1,-1,-1,-1,-1,-1,-1,-1,-1,-1,-1,-1,-1,1938,1780,1311000,-1,-1,-1,-1,-1,-1,-1,1
10163,3,0,-1,-1,10171,15,1,-1,31,-1,31,-1,31,-1,31,-1,-1,-1,-1,-1,-1,-1,-1,-1,-1,-1,-1,-1,-1,-1,-1,-1,-1,-1,1938,1780,1311000,-1,-1,-1,-1,-1,-1,-1,1
10171,3,0,-1,-1,10172,15,1,-1,31,-1,31,-1,31,-1,31,-1,-1,-1,-1,-1,-1,-1,-1,-1,-1,-1,-1,-1,-1,-1,-1,-1,-1,-1,1938,1780,1311000,-1,-1,-1,-1,-1,-1,-1,1
10172,3,0,-1,-1,10173,15,1,-1,31,-1,31,-1,31,-1,31,-1,-1,-1,-1,-1,-1,-1,-1,-1,-1,-1,-1,-1,-1,-1,-1,-1,-1,-1,1938,1780,1311000,-1,-1,-1,-1,-1,-1,-1,1
10173,3,0,-1,-1,10181,15,1,-1,31,-1,31,-1,31,-1,31,-1,-1,-1,-1,-1,-1,-1,-1,-1,-1,-1,-1,-1,-1,-1,-1,-1,-1,-1,1938,1780,1311000,-1,-1,-1,-1,-1,-1,-1,1
10181,3,0,-1,-1,10182,15,1,-1,31,-1,31,-1,31,-1,31,-1,-1,-1,-1,-1,-1,-1,-1,-1,-1,-1,-1,-1,-1,-1,-1,-1,-1,-1,1938,1780,1311000,-1,-1,-1,-1,-1,-1,-1,1
10182,3,0,-1,-1,10183,15,1,-1,31,-1,31,-1,31,-1,31,-1,-1,-1,-1,-1,-1,-1,-1,-1,-1,-1,-1,-1,-1,-1,-1,-1,-1,-1,1938,1780,1311000,-1,-1,-1,-1,-1,-1,-1,1
10183,3,0,-1,-1,10191,15,1,-1,31,-1,31,-1,31,-1,31,-1,-1,-1,-1,-1,-1,-1,-1,-1,-1,-1,-1,-1,-1,-1,-1,-1,-1,-1,1938,1780,1311000,-1,-1,-1,-1,-1,-1,-1,1
10191,3,0,-1,-1,10192,15,1,-1,31,-1,31,-1,31,-1,31,-1,-1,-1,-1,-1,-1,-1,-1,-1,-1,-1,-1,-1,-1,-1,-1,-1,-1,-1,1938,1780,1311000,-1,-1,-1,-1,-1,-1,-1,1
10192,3,0,-1,-1,10193,15,1,-1,31,-1,31,-1,31,-1,31,-1,-1,-1,-1,-1,-1,-1,-1,-1,-1,-1,-1,-1,-1,-1,-1,-1,-1,-1,1938,1780,1311000,-1,-1,-1,-1,-1,-1,-1,1
10193,3,0,-1,-1,10201,15,1,-1,31,-1,31,-1,31,-1,31,-1,-1,-1,-1,-1,-1,-1,-1,-1,-1,-1,-1,-1,-1,-1,-1,-1,-1,-1,1938,1780,1311000,-1,-1,-1,-1,-1,-1,-1,1
10201,3,0,-1,-1,10202,15,1,-1,31,-1,31,-1,31,-1,31,-1,-1,-1,-1,-1,-1,-1,-1,-1,-1,-1,-1,-1,-1,-1,-1,-1,-1,-1,1938,1780,1311000,-1,-1,-1,-1,-1,-1,-1,1
10202,3,0,-1,-1,10203,15,1,-1,31,-1,31,-1,31,-1,31,-1,-1,-1,-1,-1,-1,-1,-1,-1,-1,-1,-1,-1,-1,-1,-1,-1,-1,-1,1938,1780,1311000,-1,-1,-1,-1,-1,-1,-1,1
10203,3,0,-1,-1,10211,15,1,-1,31,-1,31,-1,31,-1,31,-1,-1,-1,-1,-1,-1,-1,-1,-1,-1,-1,-1,-1,-1,-1,-1,-1,-1,-1,1938,1780,1311000,-1,-1,-1,-1,-1,-1,-1,1
10211,3,0,-1,-1,10212,15,1,-1,31,-1,31,-1,31,-1,31,-1,-1,-1,-1,-1,-1,-1,-1,-1,-1,-1,-1,-1,-1,-1,-1,-1,-1,-1,1938,1780,1311000,-1,-1,-1,-1,-1,-1,-1,1
10212,3,0,-1,-1,10213,15,1,-1,31,-1,31,-1,31,-1,31,-1,-1,-1,-1,-1,-1,-1,-1,-1,-1,-1,-1,-1,-1,-1,-1,-1,-1,-1,1938,1780,1311000,-1,-1,-1,-1,-1,-1,-1,1
10213,3,0,-1,-1,10221,15,1,-1,31,-1,31,-1,31,-1,31,-1,-1,-1,-1,-1,-1,-1,-1,-1,-1,-1,-1,-1,-1,-1,-1,-1,-1,-1,1938,1780,1311000,-1,-1,-1,-1,-1,-1,-1,1
10221,3,0,-1,-1,10222,15,1,-1,31,-1,31,-1,31,-1,31,-1,-1,-1,-1,-1,-1,-1,-1,-1,-1,-1,-1,-1,-1,-1,-1,-1,-1,-1,1938,1780,1311000,-1,-1,-1,-1,-1,-1,-1,1
10222,3,0,-1,-1,10223,15,1,-1,31,-1,31,-1,31,-1,31,-1,-1,-1,-1,-1,-1,-1,-1,-1,-1,-1,-1,-1,-1,-1,-1,-1,-1,-1,1938,1780,1311000,-1,-1,-1,-1,-1,-1,-1,1
10223,3,0,-1,-1,10231,15,1,-1,31,-1,31,-1,31,-1,31,-1,-1,-1,-1,-1,-1,-1,-1,-1,-1,-1,-1,-1,-1,-1,-1,-1,-1,-1,1938,1780,1311000,-1,-1,-1,-1,-1,-1,-1,1
10231,3,0,-1,-1,10232,15,1,-1,31,-1,31,-1,31,-1,31,-1,-1,-1,-1,-1,-1,-1,-1,-1,-1,-1,-1,-1,-1,-1,-1,-1,-1,-1,1938,1780,1311000,-1,-1,-1,-1,-1,-1,-1,1
10232,3,0,-1,-1,10233,15,1,-1,31,-1,31,-1,31,-1,31,-1,-1,-1,-1,-1,-1,-1,-1,-1,-1,-1,-1,-1,-1,-1,-1,-1,-1,-1,1938,1780,1311000,-1,-1,-1,-1,-1,-1,-1,1
10233,3,0,-1,-1,10241,15,1,-1,31,-1,31,-1,31,-1,31,-1,-1,-1,-1,-1,-1,-1,-1,-1,-1,-1,-1,-1,-1,-1,-1,-1,-1,-1,1938,1780,1311000,-1,-1,-1,-1,-1,-1,-1,1
10241,3,0,-1,-1,10242,15,1,-1,31,-1,31,-1,31,-1,31,-1,-1,-1,-1,-1,-1,-1,-1,-1,-1,-1,-1,-1,-1,-1,-1,-1,-1,-1,1938,1780,1311000,-1,-1,-1,-1,-1,-1,-1,1
10242,3,0,-1,-1,10243,15,1,-1,31,-1,31,-1,31,-1,31,-1,-1,-1,-1,-1,-1,-1,-1,-1,-1,-1,-1,-1,-1,-1,-1,-1,-1,-1,1938,1780,1311000,-1,-1,-1,-1,-1,-1,-1,1
10243,3,0,-1,-1,10251,15,1,-1,31,-1,31,-1,31,-1,31,-1,-1,-1,-1,-1,-1,-1,-1,-1,-1,-1,-1,-1,-1,-1,-1,-1,-1,-1,1938,1780,1311000,-1,-1,-1,-1,-1,-1,-1,1
10251,3,0,-1,-1,10252,15,1,-1,31,-1,31,-1,31,-1,31,-1,-1,-1,-1,-1,-1,-1,-1,-1,-1,-1,-1,-1,-1,-1,-1,-1,-1,-1,1938,1780,1311000,-1,-1,-1,-1,-1,-1,-1,1
10252,3,0,-1,-1,10253,15,1,-1,31,-1,31,-1,31,-1,31,-1,-1,-1,-1,-1,-1,-1,-1,-1,-1,-1,-1,-1,-1,-1,-1,-1,-1,-1,1938,1780,1311000,-1,-1,-1,-1,-1,-1,-1,1
10253,3,0,-1,-1,10261,15,1,-1,31,-1,31,-1,31,-1,31,-1,-1,-1,-1,-1,-1,-1,-1,-1,-1,-1,-1,-1,-1,-1,-1,-1,-1,-1,1938,1780,1311000,-1,-1,-1,-1,-1,-1,-1,1
10261,3,0,-1,-1,10262,15,1,-1,31,-1,31,-1,31,-1,31,-1,-1,-1,-1,-1,-1,-1,-1,-1,-1,-1,-1,-1,-1,-1,-1,-1,-1,-1,1938,1780,1311000,-1,-1,-1,-1,-1,-1,-1,1
10262,3,0,-1,-1,10263,15,1,-1,31,-1,31,-1,31,-1,31,-1,-1,-1,-1,-1,-1,-1,-1,-1,-1,-1,-1,-1,-1,-1,-1,-1,-1,-1,1938,1780,1311000,-1,-1,-1,-1,-1,-1,-1,1
10263,3,0,-1,-1,10271,15,1,-1,31,-1,31,-1,31,-1,31,-1,-1,-1,-1,-1,-1,-1,-1,-1,-1,-1,-1,-1,-1,-1,-1,-1,-1,-1,1938,1780,1311000,-1,-1,-1,-1,-1,-1,-1,1
10271,3,0,-1,-1,10272,15,1,-1,31,-1,31,-1,31,-1,31,-1,-1,-1,-1,-1,-1,-1,-1,-1,-1,-1,-1,-1,-1,-1,-1,-1,-1,-1,1938,1780,1311000,-1,-1,-1,-1,-1,-1,-1,1
10272,3,0,-1,-1,10273,15,1,-1,31,-1,31,-1,31,-1,31,-1,-1,-1,-1,-1,-1,-1,-1,-1,-1,-1,-1,-1,-1,-1,-1,-1,-1,-1,1938,1780,1311000,-1,-1,-1,-1,-1,-1,-1,1
10273,3,0,-1,-1,10281,15,1,-1,31,-1,31,-1,31,-1,31,-1,-1,-1,-1,-1,-1,-1,-1,-1,-1,-1,-1,-1,-1,-1,-1,-1,-1,-1,1938,1780,1311000,-1,-1,-1,-1,-1,-1,-1,1
10281,3,0,-1,-1,10282,15,1,-1,31,-1,31,-1,31,-1,31,-1,-1,-1,-1,-1,-1,-1,-1,-1,-1,-1,-1,-1,-1,-1,-1,-1,-1,-1,1938,1780,1311000,-1,-1,-1,-1,-1,-1,-1,1
10282,3,0,-1,-1,10283,15,1,-1,31,-1,31,-1,31,-1,31,-1,-1,-1,-1,-1,-1,-1,-1,-1,-1,-1,-1,-1,-1,-1,-1,-1,-1,-1,1938,1780,1311000,-1,-1,-1,-1,-1,-1,-1,1
10283,3,0,-1,-1,10291,15,1,-1,31,-1,31,-1,31,-1,31,-1,-1,-1,-1,-1,-1,-1,-1,-1,-1,-1,-1,-1,-1,-1,-1,-1,-1,-1,1938,1780,1311000,-1,-1,-1,-1,-1,-1,-1,1
10291,3,0,-1,-1,10292,15,1,-1,31,-1,31,-1,31,-1,31,-1,-1,-1,-1,-1,-1,-1,-1,-1,-1,-1,-1,-1,-1,-1,-1,-1,-1,-1,1938,1780,1311000,-1,-1,-1,-1,-1,-1,-1,1
10292,3,0,-1,-1,10293,15,1,-1,31,-1,31,-1,31,-1,31,-1,-1,-1,-1,-1,-1,-1,-1,-1,-1,-1,-1,-1,-1,-1,-1,-1,-1,-1,1938,1780,1311000,-1,-1,-1,-1,-1,-1,-1,1
10293,3,0,-1,-1,10301,15,1,-1,31,-1,31,-1,31,-1,31,-1,-1,-1,-1,-1,-1,-1,-1,-1,-1,-1,-1,-1,-1,-1,-1,-1,-1,-1,1938,1780,1311000,-1,-1,-1,-1,-1,-1,-1,1
10301,3,0,-1,-1,10302,15,1,-1,31,-1,31,-1,31,-1,31,-1,-1,-1,-1,-1,-1,-1,-1,-1,-1,-1,-1,-1,-1,-1,-1,-1,-1,-1,1938,1780,1311000,-1,-1,-1,-1,-1,-1,-1,1
10302,3,0,-1,-1,10303,15,1,-1,31,-1,31,-1,31,-1,31,-1,-1,-1,-1,-1,-1,-1,-1,-1,-1,-1,-1,-1,-1,-1,-1,-1,-1,-1,1938,1780,1311000,-1,-1,-1,-1,-1,-1,-1,1
10303,3,0,-1,-1,10311,15,1,-1,31,-1,31,-1,31,-1,31,-1,-1,-1,-1,-1,-1,-1,-1,-1,-1,-1,-1,-1,-1,-1,-1,-1,-1,-1,1938,1780,1311000,-1,-1,-1,-1,-1,-1,-1,1
10311,3,0,-1,-1,10312,15,1,-1,31,-1,31,-1,31,-1,31,-1,-1,-1,-1,-1,-1,-1,-1,-1,-1,-1,-1,-1,-1,-1,-1,-1,-1,-1,1938,1780,1311000,-1,-1,-1,-1,-1,-1,-1,1
10312,3,0,-1,-1,10313,15,1,-1,31,-1,31,-1,31,-1,31,-1,-1,-1,-1,-1,-1,-1,-1,-1,-1,-1,-1,-1,-1,-1,-1,-1,-1,-1,1938,1780,1311000,-1,-1,-1,-1,-1,-1,-1,1
10313,3,0,-1,-1,10321,15,1,-1,31,-1,31,-1,31,-1,31,-1,-1,-1,-1,-1,-1,-1,-1,-1,-1,-1,-1,-1,-1,-1,-1,-1,-1,-1,1938,1780,1311000,-1,-1,-1,-1,-1,-1,-1,1
10321,3,0,-1,-1,10322,15,1,-1,31,-1,31,-1,31,-1,31,-1,-1,-1,-1,-1,-1,-1,-1,-1,-1,-1,-1,-1,-1,-1,-1,-1,-1,-1,1938,1780,1311000,-1,-1,-1,-1,-1,-1,-1,1
10322,3,0,-1,-1,10323,15,1,-1,31,-1,31,-1,31,-1,31,-1,-1,-1,-1,-1,-1,-1,-1,-1,-1,-1,-1,-1,-1,-1,-1,-1,-1,-1,1938,1780,1311000,-1,-1,-1,-1,-1,-1,-1,1
10323,3,0,-1,-1,10331,15,1,-1,31,-1,31,-1,31,-1,31,-1,-1,-1,-1,-1,-1,-1,-1,-1,-1,-1,-1,-1,-1,-1,-1,-1,-1,-1,1938,1780,1311000,-1,-1,-1,-1,-1,-1,-1,1
10331,3,0,-1,-1,10332,15,1,-1,31,-1,31,-1,31,-1,31,-1,-1,-1,-1,-1,-1,-1,-1,-1,-1,-1,-1,-1,-1,-1,-1,-1,-1,-1,1938,1780,1311000,-1,-1,-1,-1,-1,-1,-1,1
10332,3,0,-1,-1,10333,15,1,-1,31,-1,31,-1,31,-1,31,-1,-1,-1,-1,-1,-1,-1,-1,-1,-1,-1,-1,-1,-1,-1,-1,-1,-1,-1,1938,1780,1311000,-1,-1,-1,-1,-1,-1,-1,1
10333,3,0,-1,-1,10341,15,1,-1,31,-1,31,-1,31,-1,31,-1,-1,-1,-1,-1,-1,-1,-1,-1,-1,-1,-1,-1,-1,-1,-1,-1,-1,-1,1938,1780,1311000,-1,-1,-1,-1,-1,-1,-1,1
10341,3,0,-1,-1,10342,15,1,-1,31,-1,31,-1,31,-1,31,-1,-1,-1,-1,-1,-1,-1,-1,-1,-1,-1,-1,-1,-1,-1,-1,-1,-1,-1,1938,1780,1311000,-1,-1,-1,-1,-1,-1,-1,1
10342,3,0,-1,-1,10343,15,1,-1,31,-1,31,-1,31,-1,31,-1,-1,-1,-1,-1,-1,-1,-1,-1,-1,-1,-1,-1,-1,-1,-1,-1,-1,-1,1938,1780,1311000,-1,-1,-1,-1,-1,-1,-1,1
10343,3,0,-1,-1,10351,15,1,-1,31,-1,31,-1,31,-1,31,-1,-1,-1,-1,-1,-1,-1,-1,-1,-1,-1,-1,-1,-1,-1,-1,-1,-1,-1,1938,1780,1311000,-1,-1,-1,-1,-1,-1,-1,1
10351,3,0,-1,-1,10352,15,1,-1,31,-1,31,-1,31,-1,31,-1,-1,-1,-1,-1,-1,-1,-1,-1,-1,-1,-1,-1,-1,-1,-1,-1,-1,-1,1938,1780,1311000,-1,-1,-1,-1,-1,-1,-1,1
10352,3,0,-1,-1,10353,15,1,-1,31,-1,31,-1,31,-1,31,-1,-1,-1,-1,-1,-1,-1,-1,-1,-1,-1,-1,-1,-1,-1,-1,-1,-1,-1,1938,1780,1311000,-1,-1,-1,-1,-1,-1,-1,1
10353,3,0,-1,-1,10361,15,1,-1,31,-1,31,-1,31,-1,31,-1,-1,-1,-1,-1,-1,-1,-1,-1,-1,-1,-1,-1,-1,-1,-1,-1,-1,-1,1938,1780,1311000,-1,-1,-1,-1,-1,-1,-1,1
10361,3,0,-1,-1,10362,15,1,-1,31,-1,31,-1,31,-1,31,-1,-1,-1,-1,-1,-1,-1,-1,-1,-1,-1,-1,-1,-1,-1,-1,-1,-1,-1,1938,1780,1311000,-1,-1,-1,-1,-1,-1,-1,1
10362,3,0,-1,-1,10363,15,1,-1,31,-1,31,-1,31,-1,31,-1,-1,-1,-1,-1,-1,-1,-1,-1,-1,-1,-1,-1,-1,-1,-1,-1,-1,-1,1938,1780,1311000,-1,-1,-1,-1,-1,-1,-1,1
10363,3,0,-1,-1,10371,15,1,-1,31,-1,31,-1,31,-1,31,-1,-1,-1,-1,-1,-1,-1,-1,-1,-1,-1,-1,-1,-1,-1,-1,-1,-1,-1,1938,1780,1311000,-1,-1,-1,-1,-1,-1,-1,1
10371,3,0,-1,-1,10372,15,1,-1,31,-1,31,-1,31,-1,31,-1,-1,-1,-1,-1,-1,-1,-1,-1,-1,-1,-1,-1,-1,-1,-1,-1,-1,-1,1938,1780,1311000,-1,-1,-1,-1,-1,-1,-1,1
10372,3,0,-1,-1,10373,15,1,-1,31,-1,31,-1,31,-1,31,-1,-1,-1,-1,-1,-1,-1,-1,-1,-1,-1,-1,-1,-1,-1,-1,-1,-1,-1,1938,1780,1311000,-1,-1,-1,-1,-1,-1,-1,1
10373,3,0,-1,-1,10381,15,1,-1,31,-1,31,-1,31,-1,31,-1,-1,-1,-1,-1,-1,-1,-1,-1,-1,-1,-1,-1,-1,-1,-1,-1,-1,-1,1938,1780,1311000,-1,-1,-1,-1,-1,-1,-1,1
10381,3,0,-1,-1,10382,15,1,-1,31,-1,31,-1,31,-1,31,-1,-1,-1,-1,-1,-1,-1,-1,-1,-1,-1,-1,-1,-1,-1,-1,-1,-1,-1,1938,1780,1311000,-1,-1,-1,-1,-1,-1,-1,1
10382,3,0,-1,-1,10383,15,1,-1,31,-1,31,-1,31,-1,31,-1,-1,-1,-1,-1,-1,-1,-1,-1,-1,-1,-1,-1,-1,-1,-1,-1,-1,-1,1938,1780,1311000,-1,-1,-1,-1,-1,-1,-1,1
10383,3,0,-1,-1,10391,15,1,-1,31,-1,31,-1,31,-1,31,-1,-1,-1,-1,-1,-1,-1,-1,-1,-1,-1,-1,-1,-1,-1,-1,-1,-1,-1,1938,1780,1311000,-1,-1,-1,-1,-1,-1,-1,1
10391,3,0,-1,-1,10392,15,1,-1,31,-1,31,-1,31,-1,31,-1,-1,-1,-1,-1,-1,-1,-1,-1,-1,-1,-1,-1,-1,-1,-1,-1,-1,-1,1938,1780,1311000,-1,-1,-1,-1,-1,-1,-1,1
10392,3,0,-1,-1,10393,15,1,-1,31,-1,31,-1,31,-1,31,-1,-1,-1,-1,-1,-1,-1,-1,-1,-1,-1,-1,-1,-1,-1,-1,-1,-1,-1,1938,1780,1311000,-1,-1,-1,-1,-1,-1,-1,1
10393,3,0,-1,-1,10401,15,1,-1,31,-1,31,-1,31,-1,31,-1,-1,-1,-1,-1,-1,-1,-1,-1,-1,-1,-1,-1,-1,-1,-1,-1,-1,-1,1938,1780,1311000,-1,-1,-1,-1,-1,-1,-1,1
10401,3,0,-1,-1,10402,15,1,-1,31,-1,31,-1,31,-1,31,-1,-1,-1,-1,-1,-1,-1,-1,-1,-1,-1,-1,-1,-1,-1,-1,-1,-1,-1,1938,1780,1311000,-1,-1,-1,-1,-1,-1,-1,1
10402,3,0,-1,-1,10403,15,1,-1,31,-1,31,-1,31,-1,31,-1,-1,-1,-1,-1,-1,-1,-1,-1,-1,-1,-1,-1,-1,-1,-1,-1,-1,-1,1938,1780,1311000,-1,-1,-1,-1,-1,-1,-1,1
10403,3,0,-1,-1,10411,15,1,-1,31,-1,31,-1,31,-1,31,-1,-1,-1,-1,-1,-1,-1,-1,-1,-1,-1,-1,-1,-1,-1,-1,-1,-1,-1,1938,1780,1311000,-1,-1,-1,-1,-1,-1,-1,1
10411,3,0,-1,-1,10412,15,1,-1,31,-1,31,-1,31,-1,31,-1,-1,-1,-1,-1,-1,-1,-1,-1,-1,-1,-1,-1,-1,-1,-1,-1,-1,-1,1938,1780,1311000,-1,-1,-1,-1,-1,-1,-1,1
10412,3,0,-1,-1,10413,15,1,-1,31,-1,31,-1,31,-1,31,-1,-1,-1,-1,-1,-1,-1,-1,-1,-1,-1,-1,-1,-1,-1,-1,-1,-1,-1,1938,1780,1311000,-1,-1,-1,-1,-1,-1,-1,1
10413,3,0,-1,-1,10421,15,1,-1,31,-1,31,-1,31,-1,31,-1,-1,-1,-1,-1,-1,-1,-1,-1,-1,-1,-1,-1,-1,-1,-1,-1,-1,-1,1938,1780,1311000,-1,-1,-1,-1,-1,-1,-1,1
10421,3,0,-1,-1,10422,15,1,-1,31,-1,31,-1,31,-1,31,-1,-1,-1,-1,-1,-1,-1,-1,-1,-1,-1,-1,-1,-1,-1,-1,-1,-1,-1,1938,1780,1311000,-1,-1,-1,-1,-1,-1,-1,1
10422,3,0,-1,-1,10423,15,1,-1,31,-1,31,-1,31,-1,31,-1,-1,-1,-1,-1,-1,-1,-1,-1,-1,-1,-1,-1,-1,-1,-1,-1,-1,-1,1938,1780,1311000,-1,-1,-1,-1,-1,-1,-1,1
10423,3,0,-1,-1,10431,15,1,-1,31,-1,31,-1,31,-1,31,-1,-1,-1,-1,-1,-1,-1,-1,-1,-1,-1,-1,-1,-1,-1,-1,-1,-1,-1,1938,1780,1311000,-1,-1,-1,-1,-1,-1,-1,1
10431,3,0,-1,-1,10432,15,1,-1,31,-1,31,-1,31,-1,31,-1,-1,-1,-1,-1,-1,-1,-1,-1,-1,-1,-1,-1,-1,-1,-1,-1,-1,-1,1938,1780,1311000,-1,-1,-1,-1,-1,-1,-1,1
10432,3,0,-1,-1,10433,15,1,-1,31,-1,31,-1,31,-1,31,-1,-1,-1,-1,-1,-1,-1,-1,-1,-1,-1,-1,-1,-1,-1,-1,-1,-1,-1,1938,1780,1311000,-1,-1,-1,-1,-1,-1,-1,1
10433,3,0,-1,-1,10441,15,1,-1,31,-1,31,-1,31,-1,31,-1,-1,-1,-1,-1,-1,-1,-1,-1,-1,-1,-1,-1,-1,-1,-1,-1,-1,-1,1938,1780,1311000,-1,-1,-1,-1,-1,-1,-1,1
10441,3,0,-1,-1,10442,15,1,-1,31,-1,31,-1,31,-1,31,-1,-1,-1,-1,-1,-1,-1,-1,-1,-1,-1,-1,-1,-1,-1,-1,-1,-1,-1,1938,1780,1311000,-1,-1,-1,-1,-1,-1,-1,1
10442,3,0,-1,-1,10443,15,1,-1,31,-1,31,-1,31,-1,31,-1,-1,-1,-1,-1,-1,-1,-1,-1,-1,-1,-1,-1,-1,-1,-1,-1,-1,-1,1938,1780,1311000,-1,-1,-1,-1,-1,-1,-1,1
10443,3,0,-1,-1,10451,15,1,-1,31,-1,31,-1,31,-1,31,-1,-1,-1,-1,-1,-1,-1,-1,-1,-1,-1,-1,-1,-1,-1,-1,-1,-1,-1,1938,1780,1311000,-1,-1,-1,-1,-1,-1,-1,1
10451,3,0,-1,-1,10452,15,1,-1,31,-1,31,-1,31,-1,31,-1,-1,-1,-1,-1,-1,-1,-1,-1,-1,-1,-1,-1,-1,-1,-1,-1,-1,-1,1938,1780,1311000,-1,-1,-1,-1,-1,-1,-1,1
10452,3,0,-1,-1,10453,15,1,-1,31,-1,31,-1,31,-1,31,-1,-1,-1,-1,-1,-1,-1,-1,-1,-1,-1,-1,-1,-1,-1,-1,-1,-1,-1,1938,1780,1311000,-1,-1,-1,-1,-1,-1,-1,1
10453,3,0,-1,-1,10461,15,1,-1,31,-1,31,-1,31,-1,31,-1,-1,-1,-1,-1,-1,-1,-1,-1,-1,-1,-1,-1,-1,-1,-1,-1,-1,-1,1938,1780,1311000,-1,-1,-1,-1,-1,-1,-1,1
10461,3,0,-1,-1,10462,15,1,-1,31,-1,31,-1,31,-1,31,-1,-1,-1,-1,-1,-1,-1,-1,-1,-1,-1,-1,-1,-1,-1,-1,-1,-1,-1,1938,1780,1311000,-1,-1,-1,-1,-1,-1,-1,1
10462,3,0,-1,-1,10463,15,1,-1,31,-1,31,-1,31,-1,31,-1,-1,-1,-1,-1,-1,-1,-1,-1,-1,-1,-1,-1,-1,-1,-1,-1,-1,-1,1938,1780,1311000,-1,-1,-1,-1,-1,-1,-1,1
10463,3,0,-1,-1,10471,15,1,-1,31,-1,31,-1,31,-1,31,-1,-1,-1,-1,-1,-1,-1,-1,-1,-1,-1,-1,-1,-1,-1,-1,-1,-1,-1,1938,1780,1311000,-1,-1,-1,-1,-1,-1,-1,1
10471,3,0,-1,-1,10472,15,1,-1,31,-1,31,-1,31,-1,31,-1,-1,-1,-1,-1,-1,-1,-1,-1,-1,-1,-1,-1,-1,-1,-1,-1,-1,-1,1938,1780,1311000,-1,-1,-1,-1,-1,-1,-1,1
10472,3,0,-1,-1,10473,15,1,-1,31,-1,31,-1,31,-1,31,-1,-1,-1,-1,-1,-1,-1,-1,-1,-1,-1,-1,-1,-1,-1,-1,-1,-1,-1,1938,1780,1311000,-1,-1,-1,-1,-1,-1,-1,1
10473,3,0,-1,-1,10481,15,1,-1,31,-1,31,-1,31,-1,31,-1,-1,-1,-1,-1,-1,-1,-1,-1,-1,-1,-1,-1,-1,-1,-1,-1,-1,-1,1938,1780,1311000,-1,-1,-1,-1,-1,-1,-1,1
10481,3,0,-1,-1,10482,15,1,-1,31,-1,31,-1,31,-1,31,-1,-1,-1,-1,-1,-1,-1,-1,-1,-1,-1,-1,-1,-1,-1,-1,-1,-1,-1,1938,1780,1311000,-1,-1,-1,-1,-1,-1,-1,1
10482,3,0,-1,-1,10483,15,1,-1,31,-1,31,-1,31,-1,31,-1,-1,-1,-1,-1,-1,-1,-1,-1,-1,-1,-1,-1,-1,-1,-1,-1,-1,-1,1938,1780,1311000,-1,-1,-1,-1,-1,-1,-1,1
10483,3,0,-1,-1,10491,15,1,-1,31,-1,31,-1,31,-1,31,-1,-1,-1,-1,-1,-1,-1,-1,-1,-1,-1,-1,-1,-1,-1,-1,-1,-1,-1,1938,1780,1311000,-1,-1,-1,-1,-1,-1,-1,1
10491,3,0,-1,-1,10492,15,1,-1,31,-1,31,-1,31,-1,31,-1,-1,-1,-1,-1,-1,-1,-1,-1,-1,-1,-1,-1,-1,-1,-1,-1,-1,-1,1938,1780,1311000,-1,-1,-1,-1,-1,-1,-1,1
10492,3,0,-1,-1,10493,15,1,-1,31,-1,31,-1,31,-1,31,-1,-1,-1,-1,-1,-1,-1,-1,-1,-1,-1,-1,-1,-1,-1,-1,-1,-1,-1,1938,1780,1311000,-1,-1,-1,-1,-1,-1,-1,1
10493,3,0,-1,-1,10501,15,1,-1,31,-1,31,-1,31,-1,31,-1,-1,-1,-1,-1,-1,-1,-1,-1,-1,-1,-1,-1,-1,-1,-1,-1,-1,-1,1938,1780,1311000,-1,-1,-1,-1,-1,-1,-1,1
10501,3,0,-1,-1,10502,15,1,-1,31,-1,31,-1,31,-1,31,-1,-1,-1,-1,-1,-1,-1,-1,-1,-1,-1,-1,-1,-1,-1,-1,-1,-1,-1,1938,1780,1311000,-1,-1,-1,-1,-1,-1,-1,1
10502,3,0,-1,-1,10503,15,1,-1,31,-1,31,-1,31,-1,31,-1,-1,-1,-1,-1,-1,-1,-1,-1,-1,-1,-1,-1,-1,-1,-1,-1,-1,-1,1938,1780,1311000,-1,-1,-1,-1,-1,-1,-1,1
10503,3,0,-1,-1,10511,15,1,-1,31,-1,31,-1,31,-1,31,-1,-1,-1,-1,-1,-1,-1,-1,-1,-1,-1,-1,-1,-1,-1,-1,-1,-1,-1,1938,1780,1311000,-1,-1,-1,-1,-1,-1,-1,1
10511,3,0,-1,-1,10512,15,1,-1,31,-1,31,-1,31,-1,31,-1,-1,-1,-1,-1,-1,-1,-1,-1,-1,-1,-1,-1,-1,-1,-1,-1,-1,-1,1938,1780,1311000,-1,-1,-1,-1,-1,-1,-1,1
10512,3,0,-1,-1,10513,15,1,-1,31,-1,31,-1,31,-1,31,-1,-1,-1,-1,-1,-1,-1,-1,-1,-1,-1,-1,-1,-1,-1,-1,-1,-1,-1,1938,1780,1311000,-1,-1,-1,-1,-1,-1,-1,1
10513,3,0,-1,-1,10521,15,1,-1,31,-1,31,-1,31,-1,31,-1,-1,-1,-1,-1,-1,-1,-1,-1,-1,-1,-1,-1,-1,-1,-1,-1,-1,-1,1938,1780,1311000,-1,-1,-1,-1,-1,-1,-1,1
10521,3,0,-1,-1,10522,15,1,-1,31,-1,31,-1,31,-1,31,-1,-1,-1,-1,-1,-1,-1,-1,-1,-1,-1,-1,-1,-1,-1,-1,-1,-1,-1,1938,1780,1311000,-1,-1,-1,-1,-1,-1,-1,1
10522,3,0,-1,-1,10523,15,1,-1,31,-1,31,-1,31,-1,31,-1,-1,-1,-1,-1,-1,-1,-1,-1,-1,-1,-1,-1,-1,-1,-1,-1,-1,-1,1938,1780,1311000,-1,-1,-1,-1,-1,-1,-1,1
10523,3,0,-1,-1,10531,15,1,-1,31,-1,31,-1,31,-1,31,-1,-1,-1,-1,-1,-1,-1,-1,-1,-1,-1,-1,-1,-1,-1,-1,-1,-1,-1,1938,1780,1311000,-1,-1,-1,-1,-1,-1,-1,1
10531,3,0,-1,-1,10532,15,1,-1,31,-1,31,-1,31,-1,31,-1,-1,-1,-1,-1,-1,-1,-1,-1,-1,-1,-1,-1,-1,-1,-1,-1,-1,-1,1938,1780,1311000,-1,-1,-1,-1,-1,-1,-1,1
10532,3,0,-1,-1,10533,15,1,-1,31,-1,31,-1,31,-1,31,-1,-1,-1,-1,-1,-1,-1,-1,-1,-1,-1,-1,-1,-1,-1,-1,-1,-1,-1,1938,1780,1311000,-1,-1,-1,-1,-1,-1,-1,1
10533,3,0,-1,-1,10541,15,1,-1,31,-1,31,-1,31,-1,31,-1,-1,-1,-1,-1,-1,-1,-1,-1,-1,-1,-1,-1,-1,-1,-1,-1,-1,-1,1938,1780,1311000,-1,-1,-1,-1,-1,-1,-1,1
10541,3,0,-1,-1,10542,15,1,-1,31,-1,31,-1,31,-1,31,-1,-1,-1,-1,-1,-1,-1,-1,-1,-1,-1,-1,-1,-1,-1,-1,-1,-1,-1,1938,1780,1311000,-1,-1,-1,-1,-1,-1,-1,1
10542,3,0,-1,-1,10543,15,1,-1,31,-1,31,-1,31,-1,31,-1,-1,-1,-1,-1,-1,-1,-1,-1,-1,-1,-1,-1,-1,-1,-1,-1,-1,-1,1938,1780,1311000,-1,-1,-1,-1,-1,-1,-1,1
10543,3,0,-1,-1,10551,15,1,-1,31,-1,31,-1,31,-1,31,-1,-1,-1,-1,-1,-1,-1,-1,-1,-1,-1,-1,-1,-1,-1,-1,-1,-1,-1,1938,1780,1311000,-1,-1,-1,-1,-1,-1,-1,1
10551,3,0,-1,-1,10552,15,1,-1,31,-1,31,-1,31,-1,31,-1,-1,-1,-1,-1,-1,-1,-1,-1,-1,-1,-1,-1,-1,-1,-1,-1,-1,-1,1938,1780,1311000,-1,-1,-1,-1,-1,-1,-1,1
10552,3,0,-1,-1,10553,15,1,-1,31,-1,31,-1,31,-1,31,-1,-1,-1,-1,-1,-1,-1,-1,-1,-1,-1,-1,-1,-1,-1,-1,-1,-1,-1,1938,1780,1311000,-1,-1,-1,-1,-1,-1,-1,1
10553,3,0,-1,-1,10561,15,1,-1,31,-1,31,-1,31,-1,31,-1,-1,-1,-1,-1,-1,-1,-1,-1,-1,-1,-1,-1,-1,-1,-1,-1,-1,-1,1938,1780,1311000,-1,-1,-1,-1,-1,-1,-1,1
10561,3,0,-1,-1,10562,15,1,-1,31,-1,31,-1,31,-1,31,-1,-1,-1,-1,-1,-1,-1,-1,-1,-1,-1,-1,-1,-1,-1,-1,-1,-1,-1,1938,1780,1311000,-1,-1,-1,-1,-1,-1,-1,1
10562,3,0,-1,-1,10563,15,1,-1,31,-1,31,-1,31,-1,31,-1,-1,-1,-1,-1,-1,-1,-1,-1,-1,-1,-1,-1,-1,-1,-1,-1,-1,-1,1938,1780,1311000,-1,-1,-1,-1,-1,-1,-1,1
10563,3,0,-1,-1,10571,15,1,-1,31,-1,31,-1,31,-1,31,-1,-1,-1,-1,-1,-1,-1,-1,-1,-1,-1,-1,-1,-1,-1,-1,-1,-1,-1,1938,1780,1311000,-1,-1,-1,-1,-1,-1,-1,1
10571,3,0,-1,-1,10572,15,1,-1,31,-1,31,-1,31,-1,31,-1,-1,-1,-1,-1,-1,-1,-1,-1,-1,-1,-1,-1,-1,-1,-1,-1,-1,-1,1938,1780,1311000,-1,-1,-1,-1,-1,-1,-1,1
10572,3,0,-1,-1,10573,15,1,-1,31,-1,31,-1,31,-1,31,-1,-1,-1,-1,-1,-1,-1,-1,-1,-1,-1,-1,-1,-1,-1,-1,-1,-1,-1,1938,1780,1311000,-1,-1,-1,-1,-1,-1,-1,1
10573,3,0,-1,-1,10581,15,1,-1,31,-1,31,-1,31,-1,31,-1,-1,-1,-1,-1,-1,-1,-1,-1,-1,-1,-1,-1,-1,-1,-1,-1,-1,-1,1938,1780,1311000,-1,-1,-1,-1,-1,-1,-1,1
10581,3,0,-1,-1,10582,15,1,-1,31,-1,31,-1,31,-1,31,-1,-1,-1,-1,-1,-1,-1,-1,-1,-1,-1,-1,-1,-1,-1,-1,-1,-1,-1,1938,1780,1311000,-1,-1,-1,-1,-1,-1,-1,1
10582,3,0,-1,-1,10583,15,1,-1,31,-1,31,-1,31,-1,31,-1,-1,-1,-1,-1,-1,-1,-1,-1,-1,-1,-1,-1,-1,-1,-1,-1,-1,-1,1938,1780,1311000,-1,-1,-1,-1,-1,-1,-1,1
10583,3,0,-1,-1,10591,15,1,-1,31,-1,31,-1,31,-1,31,-1,-1,-1,-1,-1,-1,-1,-1,-1,-1,-1,-1,-1,-1,-1,-1,-1,-1,-1,1938,1780,1311000,-1,-1,-1,-1,-1,-1,-1,1
10591,3,0,-1,-1,10592,15,1,-1,31,-1,31,-1,31,-1,31,-1,-1,-1,-1,-1,-1,-1,-1,-1,-1,-1,-1,-1,-1,-1,-1,-1,-1,-1,1938,1780,1311000,-1,-1,-1,-1,-1,-1,-1,1
10592,3,0,-1,-1,10593,15,1,-1,31,-1,31,-1,31,-1,31,-1,-1,-1,-1,-1,-1,-1,-1,-1,-1,-1,-1,-1,-1,-1,-1,-1,-1,-1,1938,1780,1311000,-1,-1,-1,-1,-1,-1,-1,1
10593,3,0,-1,-1,10601,15,1,-1,31,-1,31,-1,31,-1,31,-1,-1,-1,-1,-1,-1,-1,-1,-1,-1,-1,-1,-1,-1,-1,-1,-1,-1,-1,1938,1780,1311000,-1,-1,-1,-1,-1,-1,-1,1
10601,3,0,-1,-1,10602,15,1,-1,31,-1,31,-1,31,-1,31,-1,-1,-1,-1,-1,-1,-1,-1,-1,-1,-1,-1,-1,-1,-1,-1,-1,-1,-1,1938,1780,1311000,-1,-1,-1,-1,-1,-1,-1,1
10602,3,0,-1,-1,10603,15,1,-1,31,-1,31,-1,31,-1,31,-1,-1,-1,-1,-1,-1,-1,-1,-1,-1,-1,-1,-1,-1,-1,-1,-1,-1,-1,1938,1780,1311000,-1,-1,-1,-1,-1,-1,-1,1
10603,3,0,-1,-1,-1,15,1,-1,31,-1,31,-1,31,-1,31,-1,-1,-1,-1,-1,-1,-1,-1,-1,-1,-1,-1,-1,-1,-1,-1,-1,-1,-1,1938,1780,1311000,-1,-1,-1,-1,-1,-1,-1,1
