110001,20400001,2,2500,20300055,1,2500,20300005,1,2500,20300001,1,2500,-1,-1,-1
110002,20300009,1,2500,70000004,1,2500,20300005,2,2500,70000006,1,2500,-1,-1,-1
110003,20300057,1,2500,20400001,1,2500,20300001,1,2500,70000006,2,2500,-1,-1,-1
110004,20300009,1,2500,20300055,1,2500,20300057,1,2500,90001001,1,2500,-1,-1,-1
110005,50000001,1,6000,51000001,2,3000,52000001,3,1000,-1,-1,-1,-1,-1,-1
110006,50000001,1,3000,51000001,1,3000,20400001,1,2000,52000001,1,2000,-1,-1,-1
110007,50000001,1,3000,51000001,1,2000,20400001,1,2000,52000001,1,2000,20300009,1,1000
110008,20300009,1,4750,20400001,1,4750,50000001,1,167,51000001,1,167,52000001,1,166
1210011,20300024,1,10000,-1,-1,-1,-1,-1,-1,-1,-1,-1,-1,-1,-1
1210111,20300024,1,10000,-1,-1,-1,-1,-1,-1,-1,-1,-1,-1,-1,-1
1210211,20300024,1,10000,-1,-1,-1,-1,-1,-1,-1,-1,-1,-1,-1,-1
1210311,20300024,1,10000,-1,-1,-1,-1,-1,-1,-1,-1,-1,-1,-1,-1
1210411,20300024,1,10000,-1,-1,-1,-1,-1,-1,-1,-1,-1,-1,-1,-1
1210421,20300024,1,10000,-1,-1,-1,-1,-1,-1,-1,-1,-1,-1,-1,-1
1210511,20300024,1,9000,20300024,2,1000,-1,-1,-1,-1,-1,-1,-1,-1,-1
1210521,20300024,1,9000,20300024,2,1000,-1,-1,-1,-1,-1,-1,-1,-1,-1
1210611,20300024,1,8000,20300024,2,2000,-1,-1,-1,-1,-1,-1,-1,-1,-1
1210711,20300024,1,7500,20300024,2,2500,-1,-1,-1,-1,-1,-1,-1,-1,-1
1210721,20300024,1,7500,20300024,2,2500,-1,-1,-1,-1,-1,-1,-1,-1,-1
1210811,-1,1,10000,-1,-1,-1,-1,-1,-1,-1,-1,-1,-1,-1,-1
1210821,-1,1,10000,-1,-1,-1,-1,-1,-1,-1,-1,-1,-1,-1,-1
1210831,30000001,1,10000,-1,-1,-1,-1,-1,-1,-1,-1,-1,-1,-1,-1
1210832,-1,1,10000,-1,-1,-1,-1,-1,-1,-1,-1,-1,-1,-1,-1
1210911,-1,1,10000,-1,-1,-1,-1,-1,-1,-1,-1,-1,-1,-1,-1
1210921,-1,1,9000,-1,2,1000,-1,-1,-1,-1,-1,-1,-1,-1,-1
1210922,30000001,1,10000,-1,-1,-1,-1,-1,-1,-1,-1,-1,-1,-1,-1
1220011,-1,1,9000,-1,2,1000,-1,-1,-1,-1,-1,-1,-1,-1,-1
1220021,-1,1,9000,-1,2,1000,-1,-1,-1,-1,-1,-1,-1,-1,-1
1220031,30000001,1,10000,-1,-1,-1,-1,-1,-1,-1,-1,-1,-1,-1,-1
1220111,-1,1,8500,-1,2,1500,-1,-1,-1,-1,-1,-1,-1,-1,-1
1220121,-1,1,8500,-1,2,1500,-1,-1,-1,-1,-1,-1,-1,-1,-1
1220131,30000001,1,10000,-1,-1,-1,-1,-1,-1,-1,-1,-1,-1,-1,-1
1220211,-1,1,8500,-1,2,1500,-1,-1,-1,-1,-1,-1,-1,-1,-1
1220221,-1,1,8500,-1,2,1500,-1,-1,-1,-1,-1,-1,-1,-1,-1
1220231,30000001,1,10000,-1,-1,-1,-1,-1,-1,-1,-1,-1,-1,-1,-1
1220232,20300054,1,10000,-1,-1,-1,-1,-1,-1,-1,-1,-1,-1,-1,-1
1220311,-1,1,8000,-1,2,2000,-1,-1,-1,-1,-1,-1,-1,-1,-1
1220321,30000001,1,10000,-1,-1,-1,-1,-1,-1,-1,-1,-1,-1,-1,-1
1220322,20300056,1,10000,-1,-1,-1,-1,-1,-1,-1,-1,-1,-1,-1,-1
1220411,-1,1,8000,-1,2,2000,-1,-1,-1,-1,-1,-1,-1,-1,-1
1220421,-1,1,8000,-1,2,2000,-1,-1,-1,-1,-1,-1,-1,-1,-1
1220431,30000001,1,10000,-1,-1,-1,-1,-1,-1,-1,-1,-1,-1,-1,-1
1220432,50000001,1,500,51000001,1,500,52000001,1,500,0,0,8500,-1,-1,-1
1220511,-1,1,7500,-1,2,2500,-1,-1,-1,-1,-1,-1,-1,-1,-1
1220521,-1,1,7500,-1,2,2500,-1,-1,-1,-1,-1,-1,-1,-1,-1
1220531,30000001,1,10000,-1,-1,-1,-1,-1,-1,-1,-1,-1,-1,-1,-1
1220532,50000001,1,500,51000001,1,500,52000001,1,500,0,0,8500,-1,-1,-1
1220611,30000001,1,8000,30000001,2,2000,-1,-1,-1,-1,-1,-1,-1,-1,-1
1220612,50000001,1,750,51000001,1,750,52000001,1,750,0,0,7750,-1,-1,-1
1220711,-1,1,7500,-1,2,2500,-1,-1,-1,-1,-1,-1,-1,-1,-1
1220721,-1,1,7500,-1,2,2500,-1,-1,-1,-1,-1,-1,-1,-1,-1
1220731,30000001,1,8000,30000001,2,2000,-1,-1,-1,-1,-1,-1,-1,-1,-1
1220732,50000001,1,750,51000001,1,750,52000001,1,750,0,0,7750,-1,-1,-1
1220733,20300028,1,10000,-1,-1,-1,-1,-1,-1,-1,-1,-1,-1,-1,-1
1220811,-1,1,7500,-1,2,2500,-1,-1,-1,-1,-1,-1,-1,-1,-1
1220821,-1,1,7500,-1,2,2500,-1,-1,-1,-1,-1,-1,-1,-1,-1
1220831,30000001,1,7500,30000001,2,2500,-1,-1,-1,-1,-1,-1,-1,-1,-1
1220832,50000001,1,750,51000001,1,750,52000001,1,750,0,0,7750,-1,-1,-1
1220911,-1,1,7500,-1,2,2500,-1,-1,-1,-1,-1,-1,-1,-1,-1
1220921,-1,1,7500,-1,2,2500,-1,-1,-1,-1,-1,-1,-1,-1,-1
1220931,30000001,1,7500,30000001,2,2500,-1,-1,-1,-1,-1,-1,-1,-1,-1
1220932,50000001,1,750,51000001,1,750,52000001,1,750,0,0,7750,-1,-1,-1
1221011,-1,1,7500,-1,2,2500,-1,-1,-1,-1,-1,-1,-1,-1,-1
1221021,-1,1,7500,-1,2,2500,-1,-1,-1,-1,-1,-1,-1,-1,-1
1221031,30000001,1,7500,30000001,2,2500,-1,-1,-1,-1,-1,-1,-1,-1,-1
1221032,50000001,1,750,51000001,1,750,52000001,1,750,0,0,7750,-1,-1,-1
1221111,-1,1,7500,-1,2,2500,-1,-1,-1,-1,-1,-1,-1,-1,-1
1221121,-1,1,7500,-1,2,2500,-1,-1,-1,-1,-1,-1,-1,-1,-1
1221131,30000001,1,7500,30000001,2,2500,-1,-1,-1,-1,-1,-1,-1,-1,-1
1221132,50000001,1,750,51000001,1,750,52000001,1,750,0,0,7750,-1,-1,-1
1221211,30000001,1,7500,30000001,2,2500,-1,-1,-1,-1,-1,-1,-1,-1,-1
1221212,50000001,1,1000,51000001,1,1000,52000001,1,1000,0,0,7000,-1,-1,-1
1221311,-1,1,7500,-1,2,2500,-1,-1,-1,-1,-1,-1,-1,-1,-1
1221321,-1,1,7500,-1,2,2500,-1,-1,-1,-1,-1,-1,-1,-1,-1
1221331,30000001,1,7500,30000001,2,2500,-1,-1,-1,-1,-1,-1,-1,-1,-1
1221332,50000001,1,750,51000001,1,750,52000001,1,750,0,0,7750,-1,-1,-1
1221411,30000001,1,7500,30000001,2,2500,-1,-1,-1,-1,-1,-1,-1,-1,-1
1221412,50000001,1,1000,51000001,1,1000,52000001,1,1000,0,0,7000,-1,-1,-1
1221413,20300029,1,10000,-1,-1,-1,-1,-1,-1,-1,-1,-1,-1,-1,-1
1230011,-1,1,7000,-1,2,3000,-1,-1,-1,-1,-1,-1,-1,-1,-1
1230021,-1,1,7000,-1,2,3000,-1,-1,-1,-1,-1,-1,-1,-1,-1
1230031,30000001,1,7000,30000001,2,3000,-1,-1,-1,-1,-1,-1,-1,-1,-1
1230032,50000002,1,500,51000002,1,500,52000002,1,500,0,0,8500,-1,-1,-1
1230033,20300030,1,10000,-1,-1,-1,-1,-1,-1,-1,-1,-1,-1,-1,-1
1230111,30000001,1,7000,30000001,2,3000,-1,-1,-1,-1,-1,-1,-1,-1,-1
1230112,50000002,1,500,51000002,1,500,52000002,1,500,0,0,8500,-1,-1,-1
1230113,20300031,1,10000,-1,-1,-1,-1,-1,-1,-1,-1,-1,-1,-1,-1
1230211,-1,1,7000,-1,2,3000,-1,-1,-1,-1,-1,-1,-1,-1,-1
1230221,-1,1,7000,-1,2,3000,-1,-1,-1,-1,-1,-1,-1,-1,-1
1230231,30000001,1,7000,30000001,2,3000,-1,-1,-1,-1,-1,-1,-1,-1,-1
1230232,50000002,1,500,51000002,1,500,52000002,1,500,0,0,8500,-1,-1,-1
1230233,20300032,1,10000,-1,-1,-1,-1,-1,-1,-1,-1,-1,-1,-1,-1
1230311,-1,1,7000,-1,2,3000,-1,-1,-1,-1,-1,-1,-1,-1,-1
1230321,-1,1,7000,-1,2,3000,-1,-1,-1,-1,-1,-1,-1,-1,-1
1230331,30000001,1,7000,30000001,2,3000,-1,-1,-1,-1,-1,-1,-1,-1,-1
1230332,50000002,1,500,51000002,1,500,52000002,1,500,0,0,8500,-1,-1,-1
1230411,-1,1,7000,-1,2,3000,-1,-1,-1,-1,-1,-1,-1,-1,-1
1230421,-1,1,7000,-1,2,3000,-1,-1,-1,-1,-1,-1,-1,-1,-1
1230431,30000001,1,7000,30000001,2,3000,-1,-1,-1,-1,-1,-1,-1,-1,-1
1230432,50000002,1,500,51000002,1,500,52000002,1,500,0,0,8500,-1,-1,-1
1230433,20300033,1,10000,-1,-1,-1,-1,-1,-1,-1,-1,-1,-1,-1,-1
1230511,-1,1,7000,-1,2,3000,-1,-1,-1,-1,-1,-1,-1,-1,-1
1230521,-1,1,7000,-1,2,3000,-1,-1,-1,-1,-1,-1,-1,-1,-1
1230531,30000001,1,7000,30000001,2,3000,-1,-1,-1,-1,-1,-1,-1,-1,-1
1230532,50000002,1,500,51000002,1,500,52000002,1,500,0,0,8500,-1,-1,-1
1230611,-1,1,7000,-1,2,3000,-1,-1,-1,-1,-1,-1,-1,-1,-1
1230621,-1,1,7000,-1,2,3000,-1,-1,-1,-1,-1,-1,-1,-1,-1
1230631,30000001,1,7000,30000001,2,3000,-1,-1,-1,-1,-1,-1,-1,-1,-1
1230632,50000002,1,500,51000002,1,500,52000002,1,500,0,0,8500,-1,-1,-1
1230711,-1,1,7000,-1,2,3000,-1,-1,-1,-1,-1,-1,-1,-1,-1
1230721,-1,1,7000,-1,2,3000,-1,-1,-1,-1,-1,-1,-1,-1,-1
1230731,30000001,1,7000,30000001,2,3000,-1,-1,-1,-1,-1,-1,-1,-1,-1
1230732,50000002,1,500,51000002,1,500,52000002,1,500,0,0,8500,-1,-1,-1
1230733,20300034,1,10000,-1,-1,-1,-1,-1,-1,-1,-1,-1,-1,-1,-1
1230811,-1,1,7000,-1,2,3000,-1,-1,-1,-1,-1,-1,-1,-1,-1
1230821,-1,1,7000,-1,2,3000,-1,-1,-1,-1,-1,-1,-1,-1,-1
1230831,30000001,1,7000,30000001,2,3000,-1,-1,-1,-1,-1,-1,-1,-1,-1
1230832,50000002,1,500,51000002,1,500,52000002,1,500,0,0,8500,-1,-1,-1
1230911,-1,1,7000,-1,2,3000,-1,-1,-1,-1,-1,-1,-1,-1,-1
1230921,-1,1,7000,-1,2,3000,-1,-1,-1,-1,-1,-1,-1,-1,-1
1230931,30000001,1,7000,30000001,2,3000,-1,-1,-1,-1,-1,-1,-1,-1,-1
1230932,50000002,1,500,51000002,1,500,52000002,1,500,0,0,8500,-1,-1,-1
1230933,20300035,1,10000,-1,-1,-1,-1,-1,-1,-1,-1,-1,-1,-1,-1
1231011,-1,1,7000,-1,2,3000,-1,-1,-1,-1,-1,-1,-1,-1,-1
1231021,-1,1,7000,-1,2,3000,-1,-1,-1,-1,-1,-1,-1,-1,-1
1231031,30000001,1,7000,30000001,2,3000,-1,-1,-1,-1,-1,-1,-1,-1,-1
1231032,50000002,1,500,51000002,1,500,52000002,1,500,0,0,8500,-1,-1,-1
1231111,30000001,1,7000,30000001,2,3000,-1,-1,-1,-1,-1,-1,-1,-1,-1
1231112,50000002,1,500,51000002,1,500,52000002,1,500,0,0,8500,-1,-1,-1
1231211,-1,1,10000,-1,-1,-1,-1,-1,-1,-1,-1,-1,-1,-1,-1
1231221,-1,1,10000,-1,-1,-1,-1,-1,-1,-1,-1,-1,-1,-1,-1
1231231,30000001,1,7000,30000001,2,3000,-1,-1,-1,-1,-1,-1,-1,-1,-1
1231232,50000002,1,750,51000002,1,750,52000002,1,750,0,0,7750,-1,-1,-1
1231233,20300036,1,10000,-1,-1,-1,-1,-1,-1,-1,-1,-1,-1,-1,-1
1231311,-1,1,10000,-1,-1,-1,-1,-1,-1,-1,-1,-1,-1,-1,-1
1231321,-1,1,10000,-1,-1,-1,-1,-1,-1,-1,-1,-1,-1,-1,-1
1231331,30000001,1,7000,30000001,2,3000,-1,-1,-1,-1,-1,-1,-1,-1,-1
1231332,50000002,1,750,51000002,1,750,52000002,1,750,0,0,7750,-1,-1,-1
1231333,20300037,1,10000,-1,-1,-1,-1,-1,-1,-1,-1,-1,-1,-1,-1
1231411,-1,1,10000,-1,-1,-1,-1,-1,-1,-1,-1,-1,-1,-1,-1
1231421,-1,1,10000,-1,-1,-1,-1,-1,-1,-1,-1,-1,-1,-1,-1
1231431,30000001,1,7000,30000001,2,3000,-1,-1,-1,-1,-1,-1,-1,-1,-1
1231432,50000002,1,750,51000002,1,750,52000002,1,750,0,0,7750,-1,-1,-1
1231511,-1,1,10000,-1,-1,-1,-1,-1,-1,-1,-1,-1,-1,-1,-1
1231521,-1,1,10000,-1,-1,-1,-1,-1,-1,-1,-1,-1,-1,-1,-1
1231531,30000001,1,7000,30000001,2,3000,-1,-1,-1,-1,-1,-1,-1,-1,-1
1231532,50000002,1,750,51000002,1,750,52000002,1,750,0,0,7750,-1,-1,-1
1231611,-1,1,10000,-1,-1,-1,-1,-1,-1,-1,-1,-1,-1,-1,-1
1231621,-1,1,10000,-1,-1,-1,-1,-1,-1,-1,-1,-1,-1,-1,-1
1231631,30000001,1,7000,30000001,2,3000,-1,-1,-1,-1,-1,-1,-1,-1,-1
1231632,50000002,1,750,51000002,1,750,52000002,1,750,0,0,7750,-1,-1,-1
1231711,-1,1,10000,-1,-1,-1,-1,-1,-1,-1,-1,-1,-1,-1,-1
1231721,-1,1,10000,-1,-1,-1,-1,-1,-1,-1,-1,-1,-1,-1,-1
1231731,30000001,1,7000,30000001,2,3000,-1,-1,-1,-1,-1,-1,-1,-1,-1
1231732,50000002,1,750,51000002,1,750,52000002,1,750,0,0,7750,-1,-1,-1
1231733,20300038,1,10000,-1,-1,-1,-1,-1,-1,-1,-1,-1,-1,-1,-1
1231811,-1,1,10000,-1,-1,-1,-1,-1,-1,-1,-1,-1,-1,-1,-1
1231821,-1,1,10000,-1,-1,-1,-1,-1,-1,-1,-1,-1,-1,-1,-1
1231831,30000001,1,7000,30000001,2,3000,-1,-1,-1,-1,-1,-1,-1,-1,-1
1231832,50000002,1,750,51000002,1,750,52000002,1,750,0,0,7750,-1,-1,-1
1231911,-1,1,10000,-1,-1,-1,-1,-1,-1,-1,-1,-1,-1,-1,-1
1231921,-1,1,10000,-1,-1,-1,-1,-1,-1,-1,-1,-1,-1,-1,-1
1231931,30000001,1,7000,30000001,2,3000,-1,-1,-1,-1,-1,-1,-1,-1,-1
1231932,50000002,1,750,51000002,1,750,52000002,1,750,0,0,7750,-1,-1,-1
1232011,30000001,1,7000,30000001,2,3000,-1,-1,-1,-1,-1,-1,-1,-1,-1
1232012,50000002,1,750,51000002,1,750,52000002,1,750,0,0,7750,-1,-1,-1
1232013,20300039,1,10000,-1,-1,-1,-1,-1,-1,-1,-1,-1,-1,-1,-1
1232111,-1,1,10000,-1,-1,-1,-1,-1,-1,-1,-1,-1,-1,-1,-1
1232121,-1,1,10000,-1,-1,-1,-1,-1,-1,-1,-1,-1,-1,-1,-1
1232131,30000001,1,7000,30000001,2,3000,-1,-1,-1,-1,-1,-1,-1,-1,-1
1232132,50000002,1,750,51000002,1,750,52000002,1,750,0,0,7750,-1,-1,-1
1232133,20300040,1,10000,-1,-1,-1,-1,-1,-1,-1,-1,-1,-1,-1,-1
1232211,-1,1,10000,-1,-1,-1,-1,-1,-1,-1,-1,-1,-1,-1,-1
1232221,-1,1,10000,-1,-1,-1,-1,-1,-1,-1,-1,-1,-1,-1,-1
1232231,30000001,1,7000,30000001,2,3000,-1,-1,-1,-1,-1,-1,-1,-1,-1
1232232,50000002,1,750,51000002,1,750,52000002,1,750,0,0,7750,-1,-1,-1
1232311,-1,1,10000,-1,-1,-1,-1,-1,-1,-1,-1,-1,-1,-1,-1
1232321,-1,1,10000,-1,-1,-1,-1,-1,-1,-1,-1,-1,-1,-1,-1
1232331,30000001,1,7000,30000001,2,3000,-1,-1,-1,-1,-1,-1,-1,-1,-1
1232332,50000002,1,750,51000002,1,750,52000002,1,750,0,0,7750,-1,-1,-1
1232411,30000001,1,7000,30000001,2,3000,-1,-1,-1,-1,-1,-1,-1,-1,-1
1232412,50000002,1,750,51000002,1,750,52000002,1,750,0,0,7750,-1,-1,-1
1232413,20300041,1,10000,-1,-1,-1,-1,-1,-1,-1,-1,-1,-1,-1,-1
1232511,-1,1,10000,-1,-1,-1,-1,-1,-1,-1,-1,-1,-1,-1,-1
1232521,-1,1,10000,-1,-1,-1,-1,-1,-1,-1,-1,-1,-1,-1,-1
1232531,30000001,1,7000,30000001,2,3000,-1,-1,-1,-1,-1,-1,-1,-1,-1
1232532,50000002,1,750,51000002,1,750,52000002,1,750,0,0,7750,-1,-1,-1
1232533,20300042,1,10000,-1,-1,-1,-1,-1,-1,-1,-1,-1,-1,-1,-1
1232611,-1,1,10000,-1,-1,-1,-1,-1,-1,-1,-1,-1,-1,-1,-1
1232621,-1,1,10000,-1,-1,-1,-1,-1,-1,-1,-1,-1,-1,-1,-1
1232631,30000001,1,7000,30000001,2,3000,-1,-1,-1,-1,-1,-1,-1,-1,-1
1232632,50000002,1,750,51000002,1,750,52000002,1,750,0,0,7750,-1,-1,-1
1232711,-1,1,10000,-1,-1,-1,-1,-1,-1,-1,-1,-1,-1,-1,-1
1232721,-1,1,10000,-1,-1,-1,-1,-1,-1,-1,-1,-1,-1,-1,-1
1232731,30000001,1,7000,30000001,2,3000,-1,-1,-1,-1,-1,-1,-1,-1,-1
1232732,50000002,1,750,51000002,1,750,52000002,1,750,0,0,7750,-1,-1,-1
1232811,-1,1,10000,-1,-1,-1,-1,-1,-1,-1,-1,-1,-1,-1,-1
1232821,-1,1,10000,-1,-1,-1,-1,-1,-1,-1,-1,-1,-1,-1,-1
1232831,30000001,1,7000,30000001,2,3000,-1,-1,-1,-1,-1,-1,-1,-1,-1
1232832,50000002,1,750,51000002,1,750,52000002,1,750,0,0,7750,-1,-1,-1
1232911,30000001,1,7000,30000001,2,3000,-1,-1,-1,-1,-1,-1,-1,-1,-1
1232912,50000002,1,750,51000002,1,750,52000002,1,750,0,0,7750,-1,-1,-1
1232913,20300043,1,10000,-1,-1,-1,-1,-1,-1,-1,-1,-1,-1,-1,-1
1240011,-1,1,8000,-1,2,2000,-1,-1,-1,-1,-1,-1,-1,-1,-1
1240021,-1,1,8000,-1,2,2000,-1,-1,-1,-1,-1,-1,-1,-1,-1
1240031,30000001,1,6000,30000001,2,3000,30000001,3,1000,-1,-1,-1,-1,-1,-1
1240032,50000002,1,1000,51000002,1,1000,52000002,1,1000,0,0,7000,-1,-1,-1
1240033,20300044,1,10000,-1,-1,-1,-1,-1,-1,-1,-1,-1,-1,-1,-1
1240111,-1,1,8000,-1,2,2000,-1,-1,-1,-1,-1,-1,-1,-1,-1
1240121,-1,1,8000,-1,2,2000,-1,-1,-1,-1,-1,-1,-1,-1,-1
1240131,30000001,1,6000,30000001,2,3000,30000001,3,1000,-1,-1,-1,-1,-1,-1
1240132,50000002,1,1000,51000002,1,1000,52000002,1,1000,0,0,7000,-1,-1,-1
1240133,20300045,1,10000,-1,-1,-1,-1,-1,-1,-1,-1,-1,-1,-1,-1
1240211,-1,1,8000,-1,2,2000,-1,-1,-1,-1,-1,-1,-1,-1,-1
1240221,-1,1,8000,-1,2,2000,-1,-1,-1,-1,-1,-1,-1,-1,-1
1240231,30000001,1,6000,30000001,2,3000,30000001,3,1000,-1,-1,-1,-1,-1,-1
1240232,50000002,1,1000,51000002,1,1000,52000002,1,1000,0,0,7000,-1,-1,-1
1240311,-1,1,8000,-1,2,2000,-1,-1,-1,-1,-1,-1,-1,-1,-1
1240321,-1,1,8000,-1,2,2000,-1,-1,-1,-1,-1,-1,-1,-1,-1
1240331,30000001,1,6000,30000001,2,3000,30000001,3,1000,-1,-1,-1,-1,-1,-1
1240332,50000002,1,1000,51000002,1,1000,52000002,1,1000,0,0,7000,-1,-1,-1
1240411,-1,1,8000,-1,2,2000,-1,-1,-1,-1,-1,-1,-1,-1,-1
1240421,-1,1,8000,-1,2,2000,-1,-1,-1,-1,-1,-1,-1,-1,-1
1240431,30000001,1,6000,30000001,2,3000,30000001,3,1000,-1,-1,-1,-1,-1,-1
1240432,50000002,1,1000,51000002,1,1000,52000002,1,1000,0,0,7000,-1,-1,-1
1240511,30000001,1,6000,30000001,2,3000,30000001,3,1000,-1,-1,-1,-1,-1,-1
1240512,50000002,1,1000,51000002,1,1000,52000002,1,1000,0,0,7000,-1,-1,-1
1240513,20300046,1,10000,-1,-1,-1,-1,-1,-1,-1,-1,-1,-1,-1,-1
1240611,-1,1,8000,-1,2,2000,-1,-1,-1,-1,-1,-1,-1,-1,-1
1240621,-1,1,8000,-1,2,2000,-1,-1,-1,-1,-1,-1,-1,-1,-1
1240631,30000001,1,6000,30000001,2,3000,30000001,3,1000,-1,-1,-1,-1,-1,-1
1240632,50000002,1,1000,51000002,1,1000,52000002,1,1000,0,0,7000,-1,-1,-1
1240711,-1,1,8000,-1,2,2000,-1,-1,-1,-1,-1,-1,-1,-1,-1
1240721,-1,1,8000,-1,2,2000,-1,-1,-1,-1,-1,-1,-1,-1,-1
1240731,30000001,1,6000,30000001,2,3000,30000001,3,1000,-1,-1,-1,-1,-1,-1
1240732,50000002,1,1000,51000002,1,1000,52000002,1,1000,0,0,7000,-1,-1,-1
1240811,-1,1,8000,-1,2,2000,-1,-1,-1,-1,-1,-1,-1,-1,-1
1240821,-1,1,8000,-1,2,2000,-1,-1,-1,-1,-1,-1,-1,-1,-1
1240831,30000001,1,6000,30000001,2,3000,30000001,3,1000,-1,-1,-1,-1,-1,-1
1240832,50000002,1,1000,51000002,1,1000,52000002,1,1000,0,0,7000,-1,-1,-1
1240911,-1,1,8000,-1,2,2000,-1,-1,-1,-1,-1,-1,-1,-1,-1
1240921,-1,1,8000,-1,2,2000,-1,-1,-1,-1,-1,-1,-1,-1,-1
1240931,30000001,1,6000,30000001,2,3000,30000001,3,1000,-1,-1,-1,-1,-1,-1
1240932,50000002,1,1000,51000002,1,1000,52000002,1,1000,0,0,7000,-1,-1,-1
1241011,-1,1,8000,-1,2,2000,-1,-1,-1,-1,-1,-1,-1,-1,-1
1241021,-1,1,8000,-1,2,2000,-1,-1,-1,-1,-1,-1,-1,-1,-1
1241031,30000001,1,6000,30000001,2,3000,30000001,3,1000,-1,-1,-1,-1,-1,-1
1241032,50000002,1,1000,51000002,1,1000,52000002,1,1000,0,0,7000,-1,-1,-1
1241033,20300047,1,10000,-1,-1,-1,-1,-1,-1,-1,-1,-1,-1,-1,-1
1241111,-1,1,8000,-1,2,2000,-1,-1,-1,-1,-1,-1,-1,-1,-1
1241121,-1,1,8000,-1,2,2000,-1,-1,-1,-1,-1,-1,-1,-1,-1
1241131,30000001,1,6000,30000001,2,3000,30000001,3,1000,-1,-1,-1,-1,-1,-1
1241132,50000002,1,1000,51000002,1,1000,52000002,1,1000,0,0,7000,-1,-1,-1
1241211,-1,1,8000,-1,2,2000,-1,-1,-1,-1,-1,-1,-1,-1,-1
1241221,-1,1,8000,-1,2,2000,-1,-1,-1,-1,-1,-1,-1,-1,-1
1241231,30000001,1,6000,30000001,2,3000,30000001,3,1000,-1,-1,-1,-1,-1,-1
1241232,50000002,1,1000,51000002,1,1000,52000002,1,1000,0,0,7000,-1,-1,-1
1241311,-1,1,8000,-1,2,2000,-1,-1,-1,-1,-1,-1,-1,-1,-1
1241321,-1,1,8000,-1,2,2000,-1,-1,-1,-1,-1,-1,-1,-1,-1
1241331,30000001,1,6000,30000001,2,3000,30000001,3,1000,-1,-1,-1,-1,-1,-1
1241332,50000002,1,1000,51000002,1,1000,52000002,1,1000,0,0,7000,-1,-1,-1
1241411,30000001,1,6000,30000001,2,3000,30000001,3,1000,-1,-1,-1,-1,-1,-1
1241412,50000002,1,1000,51000002,1,1000,52000002,1,1000,0,0,7000,-1,-1,-1
1241413,20300048,1,10000,-1,-1,-1,-1,-1,-1,-1,-1,-1,-1,-1,-1
1241511,-1,1,8000,-1,2,2000,-1,-1,-1,-1,-1,-1,-1,-1,-1
1241521,-1,1,8000,-1,2,2000,-1,-1,-1,-1,-1,-1,-1,-1,-1
1241531,30000001,1,6000,30000001,2,3000,30000001,3,1000,-1,-1,-1,-1,-1,-1
1241532,50000002,1,1000,51000002,1,1000,52000002,1,1000,0,0,7000,-1,-1,-1
1241611,-1,1,8000,-1,2,2000,-1,-1,-1,-1,-1,-1,-1,-1,-1
1241621,-1,1,8000,-1,2,2000,-1,-1,-1,-1,-1,-1,-1,-1,-1
1241631,30000001,1,6000,30000001,2,3000,30000001,3,1000,-1,-1,-1,-1,-1,-1
1241632,50000002,1,1000,51000002,1,1000,52000002,1,1000,0,0,7000,-1,-1,-1
1241711,-1,1,8000,-1,2,2000,-1,-1,-1,-1,-1,-1,-1,-1,-1
1241721,-1,1,8000,-1,2,2000,-1,-1,-1,-1,-1,-1,-1,-1,-1
1241731,30000001,1,6000,30000001,2,3000,30000001,3,1000,-1,-1,-1,-1,-1,-1
1241732,50000002,1,1000,51000002,1,1000,52000002,1,1000,0,0,7000,-1,-1,-1
1241811,-1,1,8000,-1,2,2000,-1,-1,-1,-1,-1,-1,-1,-1,-1
1241821,-1,1,8000,-1,2,2000,-1,-1,-1,-1,-1,-1,-1,-1,-1
1241831,30000001,1,6000,30000001,2,3000,30000001,3,1000,-1,-1,-1,-1,-1,-1
1241832,50000002,1,1000,51000002,1,1000,52000002,1,1000,0,0,7000,-1,-1,-1
1241911,30000001,1,6000,30000001,2,3000,30000001,3,1000,-1,-1,-1,-1,-1,-1
1241912,50000002,1,1000,51000002,1,1000,52000002,1,1000,0,0,7000,-1,-1,-1
1241913,20300049,1,10000,-1,-1,-1,-1,-1,-1,-1,-1,-1,-1,-1,-1
1250011,30000001,1,6000,30000001,2,3000,30000001,3,1000,-1,-1,-1,-1,-1,-1
1250012,50000003,1,500,51000003,1,500,52000003,1,500,0,0,8500,-1,-1,-1
1250013,20300050,1,10000,-1,-1,-1,-1,-1,-1,-1,-1,-1,-1,-1,-1
1250111,-1,1,7000,-1,2,2000,-1,3,1000,-1,-1,-1,-1,-1,-1
1250121,-1,1,7000,-1,2,2000,-1,3,1000,-1,-1,-1,-1,-1,-1
1250131,30000001,1,6000,30000001,2,3000,30000001,3,1000,-1,-1,-1,-1,-1,-1
1250132,50000003,1,500,51000003,1,500,52000003,1,500,0,0,8500,-1,-1,-1
1250211,-1,1,7000,-1,2,2000,-1,3,1000,-1,-1,-1,-1,-1,-1
1250221,-1,1,7000,-1,2,2000,-1,3,1000,-1,-1,-1,-1,-1,-1
1250231,30000001,1,6000,30000001,2,3000,30000001,3,1000,-1,-1,-1,-1,-1,-1
1250232,50000003,1,500,51000003,1,500,52000003,1,500,0,0,8500,-1,-1,-1
1250311,-1,1,7000,-1,2,2000,-1,3,1000,-1,-1,-1,-1,-1,-1
1250321,-1,1,7000,-1,2,2000,-1,3,1000,-1,-1,-1,-1,-1,-1
1250331,30000001,1,6000,30000001,2,3000,30000001,3,1000,-1,-1,-1,-1,-1,-1
1250332,50000003,1,500,51000003,1,500,52000003,1,500,0,0,8500,-1,-1,-1
1250411,-1,1,7000,-1,2,2000,-1,3,1000,-1,-1,-1,-1,-1,-1
1250421,-1,1,7000,-1,2,2000,-1,3,1000,-1,-1,-1,-1,-1,-1
1250431,30000001,1,6000,30000001,2,3000,30000001,3,1000,-1,-1,-1,-1,-1,-1
1250432,50000003,1,500,51000003,1,500,52000003,1,500,0,0,8500,-1,-1,-1
1250511,30000001,1,6000,30000001,2,3000,30000001,3,1000,-1,-1,-1,-1,-1,-1
1250512,50000003,1,500,51000003,1,500,52000003,1,500,0,0,8500,-1,-1,-1
1250513,20300051,1,10000,-1,-1,-1,-1,-1,-1,-1,-1,-1,-1,-1,-1
1250611,-1,1,7000,-1,2,2000,-1,3,1000,-1,-1,-1,-1,-1,-1
1250621,-1,1,7000,-1,2,2000,-1,3,1000,-1,-1,-1,-1,-1,-1
1250631,30000001,1,6000,30000001,2,3000,30000001,3,1000,-1,-1,-1,-1,-1,-1
1250632,50000003,1,500,51000003,1,500,52000003,1,500,0,0,8500,-1,-1,-1
1250711,-1,1,7000,-1,2,2000,-1,3,1000,-1,-1,-1,-1,-1,-1
1250721,-1,1,7000,-1,2,2000,-1,3,1000,-1,-1,-1,-1,-1,-1
1250731,30000001,1,6000,30000001,2,3000,30000001,3,1000,-1,-1,-1,-1,-1,-1
1250732,50000003,1,500,51000003,1,500,52000003,1,500,0,0,8500,-1,-1,-1
1250811,-1,1,7000,-1,2,2000,-1,3,1000,-1,-1,-1,-1,-1,-1
1250821,-1,1,7000,-1,2,2000,-1,3,1000,-1,-1,-1,-1,-1,-1
1250831,30000001,1,6000,30000001,2,3000,30000001,3,1000,-1,-1,-1,-1,-1,-1
1250832,50000003,1,500,51000003,1,500,52000003,1,500,0,0,8500,-1,-1,-1
1250911,-1,1,7000,-1,2,2000,-1,3,1000,-1,-1,-1,-1,-1,-1
1250921,-1,1,7000,-1,2,2000,-1,3,1000,-1,-1,-1,-1,-1,-1
1250931,30000001,1,6000,30000001,2,3000,30000001,3,1000,-1,-1,-1,-1,-1,-1
1250932,50000003,1,500,51000003,1,500,52000003,1,500,0,0,8500,-1,-1,-1
1251011,30000001,1,6000,30000001,2,3000,30000001,3,1000,-1,-1,-1,-1,-1,-1
1251012,50000003,1,500,51000003,1,500,52000003,1,500,0,0,8500,-1,-1,-1
1251013,20300052,1,10000,-1,-1,-1,-1,-1,-1,-1,-1,-1,-1,-1,-1
1251111,-1,1,7000,-1,2,2000,-1,3,1000,-1,-1,-1,-1,-1,-1
1251121,-1,1,7000,-1,2,2000,-1,3,1000,-1,-1,-1,-1,-1,-1
1251131,30000001,1,6000,30000001,2,3000,30000001,3,1000,-1,-1,-1,-1,-1,-1
1251132,50000003,1,500,51000003,1,500,52000003,1,500,0,0,8500,-1,-1,-1
1251211,-1,1,7000,-1,2,2000,-1,3,1000,-1,-1,-1,-1,-1,-1
1251221,-1,1,7000,-1,2,2000,-1,3,1000,-1,-1,-1,-1,-1,-1
1251231,30000001,1,6000,30000001,2,3000,30000001,3,1000,-1,-1,-1,-1,-1,-1
1251232,50000003,1,500,51000003,1,500,52000003,1,500,0,0,8500,-1,-1,-1
1251311,-1,1,7000,-1,2,2000,-1,3,1000,-1,-1,-1,-1,-1,-1
1251321,-1,1,7000,-1,2,2000,-1,3,1000,-1,-1,-1,-1,-1,-1
1251331,30000001,1,6000,30000001,2,3000,30000001,3,1000,-1,-1,-1,-1,-1,-1
1251332,50000003,1,500,51000003,1,500,52000003,1,500,0,0,8500,-1,-1,-1
1251411,-1,1,7000,-1,2,2000,-1,3,1000,-1,-1,-1,-1,-1,-1
1251421,-1,1,7000,-1,2,2000,-1,3,1000,-1,-1,-1,-1,-1,-1
1251431,30000001,1,6000,30000001,2,3000,30000001,3,1000,-1,-1,-1,-1,-1,-1
1251432,50000003,1,500,51000003,1,500,52000003,1,500,0,0,8500,-1,-1,-1
1251511,30000001,1,6000,30000001,2,3000,30000001,3,1000,-1,-1,-1,-1,-1,-1
1251512,50000003,1,500,51000003,1,500,52000003,1,500,0,0,8500,-1,-1,-1
1251513,20300053,1,10000,-1,-1,-1,-1,-1,-1,-1,-1,-1,-1,-1,-1
1251611,-1,1,7000,-1,2,2000,-1,3,1000,-1,-1,-1,-1,-1,-1
1251621,-1,1,7000,-1,2,2000,-1,3,1000,-1,-1,-1,-1,-1,-1
1251631,30000001,1,6000,30000001,2,3000,30000001,3,1000,-1,-1,-1,-1,-1,-1
1251632,50000003,1,500,51000003,1,500,52000003,1,500,0,0,8500,-1,-1,-1
1251711,-1,1,7000,-1,2,2000,-1,3,1000,-1,-1,-1,-1,-1,-1
1251721,-1,1,7000,-1,2,2000,-1,3,1000,-1,-1,-1,-1,-1,-1
1251731,30000001,1,6000,30000001,2,3000,30000001,3,1000,-1,-1,-1,-1,-1,-1
1251732,50000003,1,500,51000003,1,500,52000003,1,500,0,0,8500,-1,-1,-1
1251811,-1,1,7000,-1,2,2000,-1,3,1000,-1,-1,-1,-1,-1,-1
1251821,-1,1,7000,-1,2,2000,-1,3,1000,-1,-1,-1,-1,-1,-1
1251831,30000001,1,6000,30000001,2,3000,30000001,3,1000,-1,-1,-1,-1,-1,-1
1251832,50000003,1,500,51000003,1,500,52000003,1,500,0,0,8500,-1,-1,-1
1251911,30000001,1,6000,30000001,2,3000,30000001,3,1000,-1,-1,-1,-1,-1,-1
1251912,50000003,1,500,51000003,1,500,52000003,1,500,0,0,8500,-1,-1,-1
1311001,20400001,1,10000,-1,-1,-1,-1,-1,-1,-1,-1,-1,-1,-1,-1
1311002,70000006,1,10000,-1,-1,-1,-1,-1,-1,-1,-1,-1,-1,-1,-1
1311011,20400001,1,8000,20400001,2,2000,-1,-1,-1,-1,-1,-1,-1,-1,-1
1311012,70000006,1,8000,70000006,2,2000,-1,-1,-1,-1,-1,-1,-1,-1,-1
1321001,20300005,1,10000,-1,-1,-1,-1,-1,-1,-1,-1,-1,-1,-1,-1
1321002,70000006,1,7000,70000006,2,2000,70000006,3,1000,-1,-1,-1,-1,-1,-1
1321011,90001001,1,10000,-1,-1,-1,-1,-1,-1,-1,-1,-1,-1,-1,-1
1321012,30000001,3,3334,30000001,2,3333,30000001,1,3333,-1,-1,-1,-1,-1,-1
1321013,70000006,1,7000,70000006,2,2000,70000006,3,1000,-1,-1,-1,-1,-1,-1
1321021,90001004,1,3334,90001005,1,3333,90001006,1,3333,-1,-1,-1,-1,-1,-1
1321022,30000001,4,3334,30000001,3,3333,30000001,2,3333,-1,-1,-1,-1,-1,-1
1321023,70000006,1,7000,70000006,2,2000,70000006,3,1000,-1,-1,-1,-1,-1,-1
1321031,20300005,1,10000,-1,-1,-1,-1,-1,-1,-1,-1,-1,-1,-1,-1
1321032,70000006,1,7000,70000006,2,2000,70000006,3,1000,-1,-1,-1,-1,-1,-1
1321041,20300005,1,8000,20300005,1,2000,-1,-1,-1,-1,-1,-1,-1,-1,-1
1321042,70000006,1,7000,70000006,2,2000,70000006,3,1000,-1,-1,-1,-1,-1,-1
1321051,90001007,1,3334,90001008,1,3334,90001009,1,3334,-1,-1,-1,-1,-1,-1
1321052,30000001,4,3334,30000001,3,3333,30000001,2,3333,-1,-1,-1,-1,-1,-1
1321053,70000006,1,7000,70000006,2,2000,70000006,3,1000,-1,-1,-1,-1,-1,-1
1331001,20300006,1,10000,-1,-1,-1,-1,-1,-1,-1,-1,-1,-1,-1,-1
1331002,70000006,1,7000,70000006,2,2000,70000006,3,1000,-1,-1,-1,-1,-1,-1
1331011,20300006,1,7500,20300006,2,2500,-1,-1,-1,-1,-1,-1,-1,-1,-1
1331012,70000006,1,7000,70000006,2,2000,70000006,3,1000,-1,-1,-1,-1,-1,-1
1331021,20300013,1,10000,-1,-1,-1,-1,-1,-1,-1,-1,-1,-1,-1,-1
1331022,70000006,1,7000,70000006,2,2000,70000006,3,1000,-1,-1,-1,-1,-1,-1
1331031,20300013,1,7500,20300013,2,2500,-1,-1,-1,-1,-1,-1,-1,-1,-1
1331032,70000006,1,7000,70000006,2,2000,70000006,3,1000,-1,-1,-1,-1,-1,-1
1331041,90001010,1,10000,-1,-1,-1,-1,-1,-1,-1,-1,-1,-1,-1,-1
1331042,70000006,1,7000,70000006,2,2000,70000006,3,1000,-1,-1,-1,-1,-1,-1
1331051,90001011,1,10000,-1,-1,-1,-1,-1,-1,-1,-1,-1,-1,-1,-1
1331052,70000006,1,7000,70000006,2,2000,70000006,3,1000,-1,-1,-1,-1,-1,-1
1341001,90001012,1,10000,-1,-1,-1,-1,-1,-1,-1,-1,-1,-1,-1,-1
1341002,70000006,1,5000,70000006,2,2500,70000006,3,1500,70000006,4,1000,-1,-1,-1
1341011,20300011,1,10000,-1,-1,-1,-1,-1,-1,-1,-1,-1,-1,-1,-1
1341012,70000006,1,5000,70000006,2,2500,70000006,3,1500,70000006,4,1000,-1,-1,-1
1341021,20300014,1,10000,-1,-1,-1,-1,-1,-1,-1,-1,-1,-1,-1,-1
1341022,70000006,1,5000,70000006,2,2500,70000006,3,1500,70000006,4,1000,-1,-1,-1
1341031,20300016,1,10000,-1,-1,-1,-1,-1,-1,-1,-1,-1,-1,-1,-1
1341032,70000006,1,5000,70000006,2,2500,70000006,3,1500,70000006,4,1000,-1,-1,-1
1351001,20300011,1,7000,20300011,2,3000,-1,-1,-1,-1,-1,-1,-1,-1,-1
1351002,70000006,1,5000,70000006,2,2500,70000006,3,1500,70000006,4,1000,-1,-1,-1
1351011,20300014,1,7000,20300014,2,3000,-1,-1,-1,-1,-1,-1,-1,-1,-1
1351012,70000006,1,5000,70000006,2,2500,70000006,3,1500,70000006,4,1000,-1,-1,-1
1351021,20300016,1,7000,20300016,2,3000,-1,-1,-1,-1,-1,-1,-1,-1,-1
1351022,70000006,1,5000,70000006,2,2500,70000006,3,1500,70000006,4,1000,-1,-1,-1
1351031,20300016,1,3334,20300011,1,3333,20300014,1,3333,-1,-1,-1,-1,-1,-1
1351032,90001012,1,3334,90001011,1,3333,90001010,1,3333,-1,-1,-1,-1,-1,-1
1351033,30000001,3,3334,30000001,2,3333,30000001,1,3333,-1,-1,-1,-1,-1,-1
1351034,70000006,1,5000,70000006,2,2500,70000006,3,1500,70000006,4,1000,-1,-1,-1
1361001,90001013,1,10000,-1,-1,-1,-1,-1,-1,-1,-1,-1,-1,-1,-1
1361002,70000006,1,5000,70000006,2,2500,70000006,3,1500,70000006,4,1000,-1,-1,-1
1361003,30000001,3,3000,30000001,4,3000,30000001,5,3000,30000001,6,1000,-1,-1,-1
1361011,90001014,1,10000,-1,-1,-1,-1,-1,-1,-1,-1,-1,-1,-1,-1
1361012,70000006,1,5000,70000006,2,2500,70000006,3,1500,70000006,4,1000,-1,-1,-1
1361013,30000001,1,3000,30000001,2,3000,30000001,3,3000,30000001,4,1000,-1,-1,-1
1361021,90001015,1,10000,-1,-1,-1,-1,-1,-1,-1,-1,-1,-1,-1,-1
1361022,70000006,1,5000,70000006,2,2500,70000006,3,1500,70000006,4,1000,-1,-1,-1
1361023,30000001,1,3000,30000001,2,3000,30000001,3,3000,30000001,4,1000,-1,-1,-1
1361031,90001016,1,10000,-1,-1,-1,-1,-1,-1,-1,-1,-1,-1,-1,-1
1361032,70000006,1,5000,70000006,2,2500,70000006,3,1500,70000006,4,1000,-1,-1,-1
1361033,30000001,1,3000,30000001,2,3000,30000001,3,3000,30000001,4,1000,-1,-1,-1
1361041,90001017,1,10000,-1,-1,-1,-1,-1,-1,-1,-1,-1,-1,-1,-1
1361042,70000006,1,5000,70000006,2,2500,70000006,3,1500,70000006,4,1000,-1,-1,-1
1361043,30000001,4,3000,30000001,5,3000,30000001,6,3000,30000001,7,1000,-1,-1,-1
1361051,90001018,1,10000,-1,-1,-1,-1,-1,-1,-1,-1,-1,-1,-1,-1
1361052,70000006,1,5000,70000006,2,2500,70000006,3,1500,70000006,4,1000,-1,-1,-1
1361053,30000001,5,3000,30000001,6,3000,30000001,7,3000,30000001,8,1000,-1,-1,-1
1361061,20300012,1,10000,-1,-1,-1,-1,-1,-1,-1,-1,-1,-1,-1,-1
1361062,70000006,1,5000,70000006,2,2500,70000006,3,1500,70000006,4,1000,-1,-1,-1
1361071,20300015,1,10000,-1,-1,-1,-1,-1,-1,-1,-1,-1,-1,-1,-1
1361072,70000006,1,5000,70000006,2,2500,70000006,3,1500,70000006,4,1000,-1,-1,-1
1371001,20300017,1,10000,-1,-1,-1,-1,-1,-1,-1,-1,-1,-1,-1,-1
1371002,70000006,1,5000,70000006,2,2500,70000006,3,1500,70000006,4,1000,-1,-1,-1
1371011,20300012,1,7000,20300012,2,3000,-1,-1,-1,-1,-1,-1,-1,-1,-1
1371012,70000006,1,5000,70000006,2,2500,70000006,3,1500,70000006,4,1000,-1,-1,-1
1371021,20300015,1,7000,20300015,2,3000,-1,-1,-1,-1,-1,-1,-1,-1,-1
1371022,70000006,1,5000,70000006,2,2500,70000006,3,1500,70000006,4,1000,-1,-1,-1
1371031,20300017,1,7000,20300015,2,3000,-1,-1,-1,-1,-1,-1,-1,-1,-1
1371032,70000006,1,5000,70000006,2,2500,70000006,3,1500,70000006,4,1000,-1,-1,-1
1371041,20300017,1,3000,20300015,1,3000,20300012,1,3000,20300018,1,1000,-1,-1,-1
1371042,70000006,1,5000,70000006,2,2500,70000006,3,1500,70000006,4,1000,-1,-1,-1
1381001,90001019,1,8500,90001019,2,1500,-1,-1,-1,-1,-1,-1,-1,-1,-1
1381002,70000006,2,5000,70000006,3,2500,70000006,4,1500,70000006,5,1000,-1,-1,-1
1381011,90001020,1,8500,90001020,2,1500,-1,-1,-1,-1,-1,-1,-1,-1,-1
1381012,70000006,2,5000,70000006,3,2500,70000006,4,1500,70000006,5,1000,-1,-1,-1
1381021,90001021,1,8500,90001021,2,1500,-1,-1,-1,-1,-1,-1,-1,-1,-1
1381022,70000006,2,5000,70000006,3,2500,70000006,4,1500,70000006,5,1000,-1,-1,-1
1381031,90001022,1,8500,90001022,2,1500,-1,-1,-1,-1,-1,-1,-1,-1,-1
1381032,70000006,2,5000,70000006,3,2500,70000006,4,1500,70000006,5,1000,-1,-1,-1
1381041,90001023,1,8500,90001023,2,1500,-1,-1,-1,-1,-1,-1,-1,-1,-1
1381042,70000006,2,5000,70000006,3,2500,70000006,4,1500,70000006,5,1000,-1,-1,-1
1391001,20300017,2,7000,20300017,1,3000,-1,-1,-1,-1,-1,-1,-1,-1,-1
1391002,70000006,1,5000,70000006,2,2500,70000006,3,1500,70000006,4,1000,-1,-1,-1
1391011,90001024,1,7000,20300012,2,3000,-1,-1,-1,-1,-1,-1,-1,-1,-1
1391012,70000006,1,5000,70000006,2,2500,70000006,3,1500,70000006,4,1000,-1,-1,-1
1391021,20300015,2,7000,20300015,1,3000,-1,-1,-1,-1,-1,-1,-1,-1,-1
1391022,70000006,1,5000,70000006,2,2500,70000006,3,1500,70000006,4,1000,-1,-1,-1
1391031,20300012,2,7000,20300012,1,3000,-1,-1,-1,-1,-1,-1,-1,-1,-1
1391032,70000006,1,5000,70000006,2,2500,70000006,3,1500,70000006,4,1000,-1,-1,-1
1391041,90001025,1,7000,90001025,2,3000,-1,-1,-1,-1,-1,-1,-1,-1,-1
1391042,70000006,1,5000,70000006,2,2500,70000006,3,1500,70000006,4,1000,-1,-1,-1
1391051,90001026,1,7000,90001026,2,3000,-1,-1,-1,-1,-1,-1,-1,-1,-1
1391052,70000006,2,5000,70000006,3,2500,70000006,4,1500,70000006,5,1000,-1,-1,-1
1391061,90001027,1,7000,90001027,2,3000,-1,-1,-1,-1,-1,-1,-1,-1,-1
1391062,70000006,2,5000,70000006,3,2500,70000006,4,1500,70000006,5,1000,-1,-1,-1
1391071,90001021,1,8500,90001021,2,1500,-1,-1,-1,-1,-1,-1,-1,-1,-1
1391072,70000006,2,5000,70000006,3,2500,70000006,4,1500,70000006,5,1000,-1,-1,-1
1391081,90001022,1,8500,90001022,2,1500,-1,-1,-1,-1,-1,-1,-1,-1,-1
1391082,70000006,2,5000,70000006,3,2500,70000006,4,1500,70000006,5,1000,-1,-1,-1
1391091,90001023,1,8500,90001023,2,1500,-1,-1,-1,-1,-1,-1,-1,-1,-1
1391092,70000006,2,5000,70000006,3,2500,70000006,4,1500,70000006,5,1000,-1,-1,-1
1391101,90001023,1,8500,90001023,2,1500,-1,-1,-1,-1,-1,-1,-1,-1,-1
1391102,70000006,2,5000,70000006,3,2500,70000006,4,1500,70000006,5,1000,-1,-1,-1
2100010,10101001,1,10000,-1,-1,-1,-1,-1,-1,-1,-1,-1,-1,-1,-1
2100011,10301001,1,10000,-1,-1,-1,-1,-1,-1,-1,-1,-1,-1,-1,-1
2100012,10201001,1,10000,-1,-1,-1,-1,-1,-1,-1,-1,-1,-1,-1,-1
2100013,10102001,1,10000,-1,-1,-1,-1,-1,-1,-1,-1,-1,-1,-1,-1
2100014,10302001,1,10000,-1,-1,-1,-1,-1,-1,-1,-1,-1,-1,-1,-1
2100015,10202001,1,10000,-1,-1,-1,-1,-1,-1,-1,-1,-1,-1,-1,-1
2100016,10104001,1,10000,-1,-1,-1,-1,-1,-1,-1,-1,-1,-1,-1,-1
2100017,10304001,1,10000,-1,-1,-1,-1,-1,-1,-1,-1,-1,-1,-1,-1
2100018,10204001,1,10000,-1,-1,-1,-1,-1,-1,-1,-1,-1,-1,-1,-1
2100019,10103001,1,10000,-1,-1,-1,-1,-1,-1,-1,-1,-1,-1,-1,-1
2100020,10303001,1,10000,-1,-1,-1,-1,-1,-1,-1,-1,-1,-1,-1,-1
2100021,10203001,1,10000,-1,-1,-1,-1,-1,-1,-1,-1,-1,-1,-1,-1
2100022,10105001,1,10000,-1,-1,-1,-1,-1,-1,-1,-1,-1,-1,-1,-1
2100023,10305001,1,10000,-1,-1,-1,-1,-1,-1,-1,-1,-1,-1,-1,-1
2100024,10205001,1,10000,-1,-1,-1,-1,-1,-1,-1,-1,-1,-1,-1,-1
2100025,10003001,1,10000,-1,-1,-1,-1,-1,-1,-1,-1,-1,-1,-1,-1
2100026,10001001,1,10000,-1,-1,-1,-1,-1,-1,-1,-1,-1,-1,-1,-1
2100027,10002001,1,10000,-1,-1,-1,-1,-1,-1,-1,-1,-1,-1,-1,-1
2100028,20300001,10,10000,-1,-1,-1,-1,-1,-1,-1,-1,-1,-1,-1,-1
2100029,20300005,10,10000,-1,-1,-1,-1,-1,-1,-1,-1,-1,-1,-1,-1
2100030,50000001,3,10000,-1,-1,-1,-1,-1,-1,-1,-1,-1,-1,-1,-1
2100031,51000001,3,10000,-1,-1,-1,-1,-1,-1,-1,-1,-1,-1,-1,-1
2100032,52000001,3,10000,-1,-1,-1,-1,-1,-1,-1,-1,-1,-1,-1,-1
2100033,50000003,1,3334,51000003,1,3333,52000003,1,3333,-1,-1,-1,-1,-1,-1
2100034,40010001,1,2000,40020001,1,2000,40030001,1,2000,40040001,1,2000,40050001,1,2000
2100035,40060001,1,2000,40070001,1,2000,40080001,1,2000,40090001,1,2000,40100001,1,2000
2100036,40110001,1,2000,40120001,1,2000,40130001,1,2000,40140001,1,2000,40150001,1,2000
2100037,40160001,1,2000,40170001,1,2000,40180001,1,2000,40190001,1,2000,40200001,1,2000
3110111,30000001,1,5000,30000001,2,3000,30000001,3,2000,-1,-1,-1,-1,-1,-1
3110121,30000001,2,5000,30000001,3,3000,30000001,4,2000,-1,-1,-1,-1,-1,-1
3110131,30000001,3,5000,30000001,4,3000,30000001,5,2000,-1,-1,-1,-1,-1,-1
3110211,30000001,3,5000,30000001,4,3000,30000001,5,2000,-1,-1,-1,-1,-1,-1
3110221,30000001,4,5000,30000001,5,3000,30000001,6,2000,-1,-1,-1,-1,-1,-1
3110231,30000001,4,5000,30000001,5,3000,30000001,6,2000,-1,-1,-1,-1,-1,-1
3110311,30000001,4,5000,30000001,5,3000,30000001,6,2000,-1,-1,-1,-1,-1,-1
3110321,30000001,5,5000,30000001,6,3000,30000001,7,2000,-1,-1,-1,-1,-1,-1
3110331,30000001,5,4000,30000001,6,3000,30000001,7,3000,-1,-1,-1,-1,-1,-1
3110411,30000001,5,4000,30000001,6,3000,30000001,7,3000,-1,-1,-1,-1,-1,-1
3110421,30000001,5,4000,30000001,6,3000,30000001,7,3000,-1,-1,-1,-1,-1,-1
3110431,30000001,5,4000,30000001,6,3000,30000001,7,2000,30000001,8,1000,-1,-1,-1
3110511,30000001,5,4000,30000001,6,3000,30000001,7,2000,30000001,8,1000,-1,-1,-1
3110521,30000001,5,4000,30000001,6,3000,30000001,7,2000,30000001,8,1000,-1,-1,-1
3110531,30000001,5,3000,30000001,6,3000,30000001,7,2000,30000001,8,2000,-1,-1,-1
3110611,30000001,5,3000,30000001,6,3000,30000001,7,2000,30000001,8,2000,-1,-1,-1
3110621,30000001,6,3000,30000001,7,3000,30000001,8,2000,30000001,9,2000,-1,-1,-1
3110631,30000001,6,2500,30000001,7,2500,30000001,8,2500,30000001,9,2500,-1,-1,-1
3110711,30000001,6,2500,30000001,7,2500,30000001,8,2500,30000001,9,2500,-1,-1,-1
3110721,30000001,6,2500,30000001,7,2500,30000001,8,2500,30000001,9,2500,-1,-1,-1
3110731,30000001,6,2500,30000001,7,2500,30000001,8,2000,30000001,9,2000,30000001,10,1000
3110811,30000001,6,2500,30000001,7,2500,30000001,8,2000,30000001,9,2000,30000001,10,1000
3110821,30000001,6,2500,30000001,7,2500,30000001,8,2000,30000001,9,2000,30000001,10,1000
3110831,30000001,6,2000,30000001,7,2000,30000001,8,2000,30000001,9,2000,30000001,10,2000
3110911,30000001,7,2500,30000001,8,2500,30000001,9,2500,30000001,10,2500,-1,-1,-1
3110921,30000001,7,2500,30000001,8,2500,30000001,9,2500,30000001,10,2500,-1,-1,-1
3110931,30000001,7,2500,30000001,8,2500,30000001,9,2500,30000001,10,2500,-1,-1,-1
3111011,30000001,8,2500,30000001,9,2500,30000001,10,2500,30000001,11,2500,-1,-1,-1
3111021,30000001,8,2500,30000001,9,2500,30000001,10,2500,30000001,11,2500,-1,-1,-1
3111031,30000001,8,2500,30000001,9,2500,30000001,10,2500,30000001,11,2500,-1,-1,-1
3210111,50000001,2,10000,-1,-1,-1,-1,-1,-1,-1,-1,-1,-1,-1,-1
3210121,51000001,2,10000,-1,-1,-1,-1,-1,-1,-1,-1,-1,-1,-1,-1
3210131,52000001,2,10000,-1,-1,-1,-1,-1,-1,-1,-1,-1,-1,-1,-1
3210211,50000001,2,7000,50000001,3,3000,-1,-1,-1,-1,-1,-1,-1,-1,-1
3210221,51000001,2,7000,51000001,3,3000,-1,-1,-1,-1,-1,-1,-1,-1,-1
3210231,52000001,2,7000,52000001,3,3000,-1,-1,-1,-1,-1,-1,-1,-1,-1
3210311,50000002,1,10000,-1,-1,-1,-1,-1,-1,-1,-1,-1,-1,-1,-1
3210321,51000002,1,10000,-1,-1,-1,-1,-1,-1,-1,-1,-1,-1,-1,-1
3210331,52000002,1,10000,-1,-1,-1,-1,-1,-1,-1,-1,-1,-1,-1,-1
3210411,50000002,1,7000,50000002,2,3000,-1,-1,-1,-1,-1,-1,-1,-1,-1
3210421,51000002,1,7000,51000002,2,3000,-1,-1,-1,-1,-1,-1,-1,-1,-1
3210431,52000002,1,7000,52000002,2,3000,-1,-1,-1,-1,-1,-1,-1,-1,-1
3210511,50000003,1,3334,51000003,1,3333,52000003,1,3333,-1,-1,-1,-1,-1,-1
3210521,50000003,1,3334,51000003,1,3333,52000003,1,3333,-1,-1,-1,-1,-1,-1
3210531,50000003,1,3334,51000003,1,3333,52000003,1,3333,-1,-1,-1,-1,-1,-1
3210611,50000003,1,2000,51000003,1,2000,52000003,1,2000,50000003,2,2000,51000003,2,2000
3210621,50000003,1,2000,51000003,1,2000,52000003,1,2000,51000003,2,2000,52000003,2,2000
3210631,50000003,1,2000,51000003,1,2000,52000003,1,2000,50000003,2,2000,52000003,2,2000
3210711,50000003,1,2000,51000003,1,2000,52000003,1,2000,50000004,1,2000,51000004,1,2000
3210721,50000003,1,2000,51000003,1,2000,52000003,1,2000,51000004,1,2000,52000004,1,2000
3210731,50000003,1,2000,51000003,1,2000,52000003,1,2000,50000004,1,2000,52000004,1,2000
3210811,50000003,2,2000,51000003,2,2000,52000003,2,2000,50000004,1,2000,51000004,1,2000
3210821,50000003,2,2000,51000003,2,2000,52000003,2,2000,51000004,1,2000,52000004,1,2000
3210831,50000003,2,2000,51000003,2,2000,52000003,2,2000,50000004,1,2000,52000004,1,2000
3210911,50000004,1,2000,51000004,1,2000,52000004,1,2000,50000004,2,2000,51000004,2,2000
3210921,50000004,1,2000,51000004,1,2000,52000004,1,2000,51000004,2,2000,52000004,2,2000
3210931,50000004,1,2000,51000004,1,2000,52000004,1,2000,50000004,2,2000,52000004,2,2000
3211011,50000004,1,2000,51000004,1,2000,52000004,1,2000,50000005,1,2000,51000005,1,2000
3211021,50000004,1,2000,51000004,1,2000,52000004,1,2000,51000005,1,2000,52000005,1,2000
3211031,50000004,1,2000,51000004,1,2000,52000004,1,2000,50000005,1,2000,52000005,1,2000
