1000,1,5,10000001,-1,1001,1,1,-1,-1,-1,-1,5,-1,-1,-1,-1,-1,-1,-1,-1,-1,-1,-1,-1,-1,-1,-1,-1,-1,-1,-1,-1,-1,-1,128,170,1210001,-1,-1,-1,-1,-1,-1,1100001,1,-1
1001,1,5,10000004,1000,1002,1,1,-1,-1,-1,-1,6,-1,-1,-1,-1,-1,-1,-1,-1,-1,-1,-1,-1,-1,-1,-1,-1,-1,-1,-1,-1,-1,-1,209,231,1210011,-1,-1,-1,-1,-1,-1,1100001,1,-1
1002,1,5,10000007,1001,1003,1,1,-1,7,-1,-1,7,-1,-1,-1,-1,-1,-1,-1,-1,-1,-1,-1,-1,-1,-1,-1,-1,-1,-1,-1,-1,-1,-1,290,292,1210021,-1,-1,-1,-1,-1,-1,1100001,1,-1
1003,1,5,10000010,1002,1004,1,2,10,-1,10,-1,-1,-1,-1,-1,-1,-1,11,-1,11,-1,-1,-1,-1,-1,-1,-1,-1,-1,-1,-1,-1,-1,-1,226,207,1210041,228,209,1210042,-1,-1,-1,1100001,1,-1
1004,1,5,10000013,1003,1005,1,1,-1,8,-1,-1,9,-1,-1,-1,-1,-1,-1,-1,-1,-1,-1,-1,-1,-1,-1,-1,-1,-1,-1,-1,-1,-1,-1,371,353,1210031,-1,-1,-1,-1,-1,-1,1100001,1,-1
1005,1,5,10000016,1004,1006,1,2,-1,12,-1,-1,12,-1,-1,12,-1,-1,13,-1,-1,13,-1,-1,13,-1,-1,-1,-1,-1,-1,-1,-1,-1,-1,267,238,1210051,269,240,1210052,-1,-1,-1,1100001,1,-1
1006,1,5,10000019,1005,1007,1,1,-1,-1,-1,-1,14,-1,-1,-1,-1,-1,-1,-1,-1,-1,-1,-1,-1,-1,-1,-1,-1,-1,-1,-1,-1,-1,-1,614,536,1210061,-1,-1,-1,-1,-1,-1,1100001,1,-1
1007,1,5,10000022,1006,1008,1,2,15,-1,15,-1,16,-1,-1,-1,-1,-1,-1,-1,17,-1,18,-1,17,-1,-1,-1,-1,-1,-1,-1,-1,-1,-1,348,299,1210071,350,301,1210072,-1,-1,-1,1100001,1,-1
1008,1,5,10000025,1007,1009,1,3,24,-1,25,-1,24,-1,-1,-1,-1,26,-1,26,-1,27,-1,-1,-1,-1,-1,28,-1,-1,-1,29,-1,30,-1,286,240,1210081,288,242,1210082,290,244,1210083,1100001,1,-1
1009,1,5,10000028,1008,2000,1,2,-1,19,-1,19,-1,20,-1,-1,-1,21,-1,22,-1,23,-1,-1,-1,-1,-1,-1,-1,-1,-1,-1,-1,-1,-1,388,329,1210091,390,331,1210092,-1,-1,-1,1100001,1,-1
2000,1,5,10000031,1008,2001,1,3,33,33,-1,33,-1,-1,-1,33,-1,34,34,-1,33,33,-1,-1,-1,-1,34,34,-1,-1,34,-1,-1,34,-1,313,260,1220001,315,262,1220002,317,264,1220003,1100001,1,-1
2001,1,5,10000034,2000,2002,1,3,35,35,-1,35,-1,-1,-1,35,-1,36,36,-1,35,36,-1,-1,-1,-1,36,36,-1,-1,36,-1,-1,36,-1,313,260,1220011,315,262,1220012,317,264,1220013,1100001,1,-1
2002,1,5,10000037,2001,2003,1,3,37,37,37,-1,-1,-1,37,-1,-1,-1,38,38,-1,37,-1,-1,38,-1,-1,-1,-1,-1,39,-1,-1,-1,-1,349,280,1220021,351,282,1220022,353,284,1220023,1100001,1,-1
2003,1,5,10000040,2002,2004,1,2,41,-1,41,-1,-1,-1,41,-1,41,-1,-1,-1,-1,42,-1,-1,-1,-1,-1,-1,-1,-1,-1,-1,-1,-1,-1,367,299,1220031,1154,902,1220032,-1,-1,-1,1100001,1,-1
2004,1,5,10000043,2003,2005,1,3,-1,44,-1,43,-1,43,-1,44,-1,-1,44,44,-1,43,-1,-1,43,-1,-1,-1,-1,-1,72,-1,-1,-1,-1,421,321,1220041,423,323,1220042,425,325,1220043,1100001,1,-1
2005,1,5,10000046,2004,2006,1,3,45,-1,45,45,-1,45,-1,45,-1,-1,46,-1,46,46,46,-1,46,-1,47,-1,-1,47,47,47,-1,-1,47,457,341,1220051,459,343,1220052,461,345,1220053,1100001,1,-1
2006,1,5,10000049,2005,2007,1,1,-1,-1,-1,-1,-1,50,-1,-1,-1,-1,-1,-1,-1,-1,-1,-1,-1,-1,-1,-1,-1,-1,-1,-1,-1,-1,-1,1370,1024,1220061,-1,-1,-1,-1,-1,-1,1100001,1,-1
2007,1,5,10000052,2006,2008,1,3,-1,48,-1,48,54,48,-1,49,-1,-1,48,-1,48,54,54,-1,49,-1,55,-1,-1,55,49,-1,-1,48,55,542,362,1220071,545,364,1220072,547,366,1220073,1100002,1,-1
2008,1,5,10000055,2007,2009,1,3,-1,56,-1,56,56,56,-1,56,-1,-1,56,-1,56,57,56,-1,57,-1,-1,57,-1,-1,57,-1,57,57,57,542,362,1220081,545,364,1220082,547,366,1220083,1100002,1,-1
2009,1,5,10000058,2008,2010,1,3,58,-1,58,58,-1,58,-1,58,-1,58,-1,58,59,-1,59,-1,59,-1,-1,59,-1,59,59,59,-1,59,-1,582,382,1220091,584,384,1220092,586,386,1220093,1100002,1,-1
2010,1,5,10000061,2009,2011,1,3,-1,60,-1,60,60,60,-1,60,-1,61,61,61,-1,60,-1,-1,60,-1,62,-1,62,-1,63,-1,62,-1,62,622,402,1220101,624,404,1220102,626,406,1220103,1100002,1,-1
2011,1,5,10000064,2010,2012,1,3,-1,63,-1,63,63,63,-1,63,-1,63,63,63,-1,-1,-1,64,-1,64,64,-1,64,64,-1,64,-1,64,-1,661,423,1220111,663,425,1220112,666,427,1220113,1100002,1,-1
2012,1,5,10000067,2011,2013,1,1,-1,65,-1,-1,-1,-1,-1,-1,-1,-1,-1,-1,-1,-1,-1,-1,-1,-1,-1,-1,-1,-1,-1,-1,-1,-1,-1,1982,1268,1220121,-1,-1,-1,-1,-1,-1,1100002,1,-1
2013,1,5,10000070,2012,2014,1,3,-1,-1,66,66,66,66,66,-1,-1,66,-1,66,66,67,66,-1,-1,-1,67,67,-1,67,67,-1,-1,-1,67,701,443,1220131,703,445,1220132,705,447,1220133,1100002,1,-1
2014,1,5,10000073,2013,3000,1,1,-1,-1,-1,-1,68,-1,-1,-1,-1,-1,-1,-1,-1,-1,-1,-1,-1,-1,-1,-1,-1,-1,-1,-1,-1,-1,-1,2101,1329,1220141,-1,-1,-1,-1,-1,-1,1100002,1,-1
3000,1,5,10000076,2014,3001,1,3,300,-1,300,300,-1,300,-1,300,-1,300,-1,300,-1,300,-1,300,-1,300,-1,300,-1,-1,300,-1,300,300,300,740,463,1230001,743,465,1230002,745,467,1230003,1100002,1,-1
3001,1,5,10000079,3000,3002,1,1,-1,-1,-1,-1,301,-1,-1,-1,-1,-1,-1,-1,-1,-1,-1,-1,-1,-1,-1,-1,-1,-1,-1,-1,-1,-1,-1,2220,1390,1230011,-1,-1,-1,-1,-1,-1,1100002,1,-1
3002,1,5,10000082,3001,3003,1,3,302,-1,302,302,-1,302,-1,302,-1,302,-1,302,-1,302,-1,302,-1,302,-1,302,-1,-1,302,-1,302,302,302,740,463,1230021,743,465,1230022,745,467,1230023,1100002,1,-1
3003,1,5,-1,3002,3004,1,3,302,-1,302,302,-1,302,-1,302,-1,302,-1,302,-1,302,-1,302,-1,302,-1,302,-1,-1,302,-1,302,302,302,793,484,1230031,795,486,1230032,798,488,1230033,1100002,1,-1
3004,1,5,-1,3003,3005,1,3,302,-1,302,-1,302,-1,-1,302,-1,302,302,302,-1,302,-1,-1,302,-1,302,-1,302,-1,302,-1,302,-1,302,793,484,1230041,795,486,1230042,798,488,1230043,1100002,1,-1
3005,1,5,10000085,3004,3006,1,3,303,-1,303,303,303,-1,-1,303,-1,303,303,303,-1,303,-1,-1,303,-1,303,-1,303,-1,303,-1,303,-1,303,793,484,1230051,795,486,1230052,798,488,1230053,1100002,1,-1
3006,1,5,-1,3005,3007,1,3,303,-1,303,-1,303,303,-1,303,-1,303,303,303,-1,303,-1,-1,303,-1,303,-1,303,-1,303,-1,303,-1,303,846,504,1230061,848,506,1230062,850,508,1230063,1100002,1,-1
3007,1,5,-1,3006,3008,1,3,303,-1,303,-1,303,-1,303,303,-1,303,303,303,-1,303,-1,-1,303,-1,303,-1,303,-1,303,-1,303,-1,303,846,504,1230071,848,506,1230072,850,508,1230073,1100002,1,-1
3008,1,5,10000088,3007,3009,1,3,304,-1,304,-1,305,304,-1,305,-1,304,305,304,-1,305,-1,-1,305,-1,304,-1,304,-1,305,-1,305,-1,305,846,504,1230081,848,506,1230082,850,508,1230083,1100002,1,-1
3009,1,5,-1,3008,3010,1,3,304,-1,304,-1,305,-1,304,-1,304,304,-1,304,-1,305,-1,304,-1,304,304,-1,304,-1,305,-1,304,-1,304,899,524,1230091,901,526,1230092,903,528,1230093,1100002,1,-1
3010,1,5,-1,3009,3011,1,3,304,305,304,-1,305,-1,-1,305,-1,304,305,304,-1,305,-1,-1,305,-1,304,-1,304,-1,305,-1,305,-1,305,899,524,1230101,901,526,1230102,903,528,1230103,1100002,1,-1
3011,1,5,10000091,3010,3100,1,1,-1,-1,-1,-1,306,-1,-1,-1,-1,-1,-1,-1,-1,-1,-1,-1,-1,-1,-1,-1,-1,-1,-1,-1,-1,-1,-1,2695,1573,1230111,-1,-1,-1,-1,-1,-1,1100002,1,-1
3012,1,5,10000097,3011,3013,1,3,310,310,310,-1,310,-1,-1,310,-1,310,-1,310,310,-1,310,-1,310,-1,-1,310,-1,-1,310,-1,310,310,310,952,523,1230121,954,526,1230122,956,529,1230123,1100002,1,-1
3013,1,5,10000100,3012,3014,1,3,310,-1,310,310,310,-1,-1,310,-1,310,310,310,-1,310,-1,-1,310,-1,310,-1,310,-1,310,-1,310,-1,310,952,523,1230131,954,526,1230132,956,529,1230133,1100002,1,-1
3014,1,5,-1,3013,3015,1,3,310,-1,310,-1,310,310,-1,310,-1,310,310,310,-1,310,-1,-1,310,-1,310,-1,310,-1,310,-1,310,-1,310,952,523,1230141,954,526,1230142,956,529,1230143,1100002,1,-1
3015,1,5,-1,3014,3016,1,3,310,310,310,-1,310,-1,-1,310,-1,310,-1,310,310,-1,310,-1,310,-1,-1,310,-1,-1,310,-1,310,310,310,1004,524,1230151,1007,528,1230152,1009,531,1230153,1100002,1,-1
3016,1,5,-1,3015,3017,1,3,311,-1,-1,311,311,311,-1,-1,311,311,-1,311,311,-1,311,-1,311,-1,311,311,311,-1,311,-1,-1,311,-1,1004,524,1230161,1007,528,1230162,1009,531,1230163,1100002,1,-1
3017,1,5,10000103,3016,3018,1,3,311,311,311,-1,311,-1,-1,311,-1,311,-1,311,311,-1,311,-1,311,-1,-1,311,-1,-1,311,-1,311,311,311,1004,524,1230171,1007,528,1230172,1009,531,1230173,1100002,1,-1
3018,1,5,-1,3017,3019,1,3,311,311,311,-1,311,-1,-1,311,-1,311,-1,311,311,-1,311,-1,311,-1,-1,311,-1,-1,311,-1,311,311,311,1057,529,1230181,1059,532,1230182,1062,535,1230183,1100002,1,-1
3019,1,5,-1,3018,3020,1,3,311,311,311,-1,311,-1,-1,311,-1,311,-1,311,311,-1,311,-1,311,-1,-1,311,-1,-1,311,-1,311,311,311,1057,529,1230191,1059,532,1230192,1062,535,1230193,1100002,1,-1
3020,1,5,10000106,3019,3021,1,1,-1,-1,-1,-1,312,-1,-1,-1,-1,-1,-1,-1,-1,-1,-1,-1,-1,-1,-1,-1,-1,-1,-1,-1,-1,-1,-1,3170,1597,1230201,-1,-1,-1,-1,-1,-1,1100002,1,-1
3021,1,5,10000109,3020,3022,1,3,314,-1,314,-1,313,314,-1,313,-1,314,313,314,-1,313,-1,-1,313,-1,314,-1,314,-1,313,-1,313,-1,313,1110,533,1230211,1112,536,1230212,1114,539,1230213,1100002,1,-1
3022,1,5,-1,3021,3023,1,3,314,-1,314,-1,313,-1,314,-1,314,314,-1,314,-1,313,-1,314,-1,314,314,-1,314,-1,313,-1,314,-1,314,1110,533,1230221,1112,536,1230222,1114,539,1230223,1100002,1,-1
3023,1,5,-1,3022,3024,1,3,314,313,314,-1,313,-1,-1,313,-1,314,313,314,-1,313,-1,-1,313,-1,314,-1,314,-1,313,-1,313,-1,313,1110,533,1230231,1112,536,1230232,1114,539,1230233,1100002,1,-1
3024,1,5,10000112,3023,3025,1,1,-1,-1,-1,-1,315,-1,-1,-1,-1,-1,-1,-1,-1,-1,-1,-1,-1,-1,-1,-1,-1,-1,-1,-1,-1,-1,-1,3487,1621,1230241,-1,-1,-1,-1,-1,-1,1100002,1,-1
3025,1,5,10000115,3024,3026,1,3,316,316,316,-1,316,-1,-1,316,-1,316,-1,316,316,-1,316,-1,316,-1,-1,316,-1,-1,316,-1,316,316,316,1163,537,1230251,1165,540,1230252,1167,543,1230253,1100002,1,-1
3026,1,5,-1,3025,3027,1,3,316,316,316,-1,316,-1,-1,316,-1,316,-1,316,316,-1,316,-1,316,-1,-1,316,-1,-1,316,-1,316,316,316,1163,537,1230261,1165,540,1230262,1167,543,1230263,1100002,1,-1
3027,1,5,-1,3026,3028,1,3,316,316,316,-1,316,-1,-1,316,-1,316,-1,316,316,-1,316,-1,316,-1,-1,316,-1,-1,316,-1,316,316,316,1216,542,1230271,1218,546,1230272,1220,551,1230273,1100002,1,-1
3028,1,5,-1,3027,3029,1,3,316,316,316,-1,316,-1,-1,316,-1,316,-1,316,316,-1,316,-1,316,-1,-1,316,-1,-1,316,-1,316,316,316,1216,542,1230281,1218,546,1230282,1220,551,1230283,1100002,1,-1
3029,1,5,10000118,3028,3103,1,1,-1,-1,-1,-1,317,-1,-1,-1,-1,-1,-1,-1,-1,-1,-1,-1,-1,-1,-1,-1,-1,-1,-1,-1,-1,-1,-1,3645,1640,1230291,-1,-1,-1,-1,-1,-1,1100002,1,-1
4000,1,5,10000121,3029,4001,1,3,400,400,400,-1,400,-1,-1,400,-1,400,-1,400,400,-1,400,-1,400,-1,-1,400,-1,-1,400,-1,400,400,400,1268,560,1240001,1271,563,1240002,1273,566,1240003,1100002,1,-1
4001,1,5,10000124,4000,4002,1,3,400,400,400,-1,400,-1,-1,400,-1,400,-1,400,400,-1,400,-1,400,-1,-1,400,-1,-1,400,-1,400,400,400,1268,560,1240011,1271,563,1240012,1273,566,1240013,1100002,1,-1
4002,1,5,-1,4001,4003,1,3,400,400,400,-1,400,-1,-1,400,-1,400,-1,400,400,-1,400,-1,400,-1,-1,400,-1,-1,400,-1,400,400,400,1268,560,1240021,1271,563,1240022,1273,566,1240023,1100002,1,-1
4003,1,5,-1,4002,4004,1,3,400,400,400,-1,400,-1,-1,400,-1,400,-1,400,400,-1,400,-1,400,-1,-1,400,-1,-1,400,-1,400,400,400,1268,560,1240031,1271,563,1240032,1273,566,1240033,1100002,1,-1
4004,1,5,-1,4003,4005,1,3,400,400,400,-1,400,-1,-1,400,-1,400,-1,400,400,-1,400,-1,400,-1,-1,400,-1,-1,400,-1,400,400,400,1339,577,1240041,1341,580,1240042,1343,583,1240043,1100002,1,-1
4005,1,5,10000127,4004,4006,1,1,-1,-1,-1,-1,401,-1,-1,-1,-1,-1,-1,-1,-1,-1,-1,-1,-1,-1,-1,-1,-1,-1,-1,-1,-1,-1,-1,4015,1742,1240051,-1,-1,-1,-1,-1,-1,1100002,1,-1
4006,1,5,10000130,4005,4007,1,3,402,402,402,-1,402,-1,-1,402,-1,402,-1,402,402,-1,402,-1,402,-1,-1,402,-1,-1,402,-1,402,402,402,1339,577,1240061,1341,580,1240062,1343,583,1240063,1100002,1,-1
4007,1,5,-1,4006,4008,1,3,402,402,402,-1,402,-1,-1,402,-1,402,-1,402,402,-1,402,-1,402,-1,-1,402,-1,-1,402,-1,402,402,402,1339,577,1240071,1341,580,1240072,1343,583,1240073,1100002,1,-1
4008,1,5,-1,4007,4009,1,3,402,402,402,-1,402,-1,-1,402,-1,402,-1,402,402,-1,402,-1,402,-1,-1,402,-1,-1,402,-1,402,402,402,1409,578,1240081,1411,581,1240082,1414,584,1240083,1100002,1,-1
4009,1,5,-1,4008,4010,1,3,402,402,402,-1,402,-1,-1,402,-1,402,-1,402,402,-1,402,-1,402,-1,-1,402,-1,-1,402,-1,402,402,402,1409,578,1240091,1411,581,1240092,1414,584,1240093,1100002,1,-1
4010,1,5,10000133,4009,4011,1,3,403,403,403,-1,403,-1,-1,403,-1,403,-1,403,403,-1,403,-1,403,-1,-1,403,-1,-1,403,-1,403,403,403,1409,578,1240101,1411,581,1240102,1414,584,1240103,1100002,1,-1
4011,1,5,-1,4010,4012,1,3,403,403,403,-1,403,-1,-1,403,-1,403,-1,403,403,-1,403,-1,403,-1,-1,403,-1,-1,403,-1,403,403,403,1409,578,1240111,1411,581,1240112,1414,584,1240113,1100002,1,-1
4012,1,5,-1,4011,4013,1,3,403,403,403,-1,403,-1,-1,403,-1,403,-1,403,403,-1,403,-1,403,-1,-1,403,-1,-1,403,-1,403,403,403,1480,580,1240121,1482,583,1240122,1484,586,1240123,1100002,1,-1
4013,1,5,-1,4012,4014,1,3,403,403,403,-1,403,-1,-1,403,-1,403,-1,403,403,-1,403,-1,403,-1,-1,403,-1,-1,403,-1,403,403,403,1480,580,1240131,1482,583,1240132,1484,586,1240133,1100002,1,-1
4014,1,5,10000136,4013,4015,1,1,-1,-1,-1,-1,404,-1,-1,-1,-1,-1,-1,-1,-1,-1,-1,-1,-1,-1,-1,-1,-1,-1,-1,-1,-1,-1,-1,4437,1751,1240141,-1,-1,-1,-1,-1,-1,1100002,1,-1
4015,1,5,10000139,4014,4016,1,3,405,405,405,-1,405,-1,-1,405,-1,405,-1,405,405,-1,406,-1,406,-1,-1,406,-1,-1,406,-1,406,406,406,1480,580,1240151,1482,583,1240152,1484,586,1240153,1100002,1,-1
4016,1,5,-1,4015,4017,1,3,405,405,405,-1,405,-1,-1,405,-1,405,-1,405,406,-1,406,-1,406,-1,-1,406,-1,-1,406,-1,406,406,406,1550,582,1240161,1552,585,1240162,1554,588,1240163,1100002,1,-1
4017,1,5,-1,4016,4018,1,3,405,405,405,-1,405,-1,-1,405,-1,405,-1,405,406,-1,406,-1,406,-1,-1,406,-1,-1,406,-1,406,406,406,1550,582,1240171,1552,585,1240172,1554,588,1240173,1100002,1,-1
4018,1,5,-1,4017,4019,1,3,405,405,405,-1,405,-1,-1,405,-1,405,-1,405,405,-1,406,-1,406,-1,-1,406,-1,-1,406,-1,406,406,406,1550,582,1240181,1552,585,1240182,1554,588,1240183,1100002,1,-1
4019,1,5,10000142,4018,4102,1,1,-1,-1,-1,-1,407,-1,-1,-1,-1,-1,-1,-1,-1,-1,-1,-1,-1,-1,-1,-1,-1,-1,-1,-1,-1,-1,-1,4649,1755,1240191,-1,-1,-1,-1,-1,-1,1100002,1,-1
5000,1,5,10000145,4019,5001,1,1,-1,-1,-1,-1,500,-1,-1,-1,-1,-1,-1,-1,-1,-1,-1,-1,-1,-1,-1,-1,-1,-1,-1,-1,-1,-1,-1,4860,1806,1250001,-1,-1,-1,-1,-1,-1,1100002,1,-1
5001,1,5,10000148,5000,5002,1,3,501,501,501,-1,501,-1,-1,501,-1,501,-1,501,501,-1,501,-1,501,-1,-1,501,-1,-1,501,-1,501,501,501,1620,599,1250011,1623,602,1250012,1625,605,1250013,1100002,1,-1
5002,1,5,-1,5001,5003,1,3,501,501,501,-1,501,-1,-1,501,-1,501,-1,501,501,-1,501,-1,501,-1,-1,501,-1,-1,501,-1,501,501,501,1620,599,1250021,1623,602,1250022,1625,605,1250023,1100002,1,-1
5003,1,5,-1,5002,5004,1,3,501,501,501,-1,501,-1,-1,501,-1,501,-1,501,501,-1,501,-1,501,-1,-1,501,-1,-1,501,-1,501,501,501,1620,599,1250031,1623,602,1250032,1625,605,1250033,1100002,1,-1
5004,1,5,-1,5003,5005,1,3,501,501,501,-1,501,-1,-1,501,-1,501,-1,501,501,-1,501,-1,501,-1,-1,501,-1,-1,501,-1,501,501,501,1691,614,1250041,1693,618,1250042,1695,621,1250043,1100002,1,-1
5005,1,5,10000151,5004,5006,1,1,-1,-1,-1,-1,502,-1,-1,-1,-1,-1,-1,-1,-1,-1,-1,-1,-1,-1,-1,-1,-1,-1,-1,-1,-1,-1,-1,5071,1857,1250051,-1,-1,-1,-1,-1,-1,1100002,1,-1
5006,1,5,10000154,5005,5007,1,3,503,503,503,-1,503,-1,-1,503,-1,503,-1,503,503,-1,503,-1,503,-1,-1,503,-1,-1,503,-1,503,503,503,1691,614,1250061,1693,618,1250062,1695,621,1250063,1100002,1,-1
5007,1,5,-1,5006,5008,1,3,503,503,503,-1,503,-1,-1,503,-1,503,-1,503,503,-1,503,-1,503,-1,-1,503,-1,-1,503,-1,503,503,503,1691,614,1250071,1693,618,1250072,1695,621,1250073,1100002,1,-1
5008,1,5,-1,5007,5009,1,3,503,503,503,-1,503,-1,-1,503,-1,503,-1,503,503,-1,503,-1,503,-1,-1,503,-1,-1,503,-1,503,503,503,1761,627,1250081,1763,631,1250082,1766,635,1250083,1100002,1,-1
5009,1,5,-1,5008,5010,1,3,503,503,503,-1,503,-1,-1,503,-1,503,-1,503,503,-1,503,-1,503,-1,-1,503,-1,-1,503,-1,503,503,503,1761,627,1250091,1763,631,1250092,1766,635,1250093,1100002,1,-1
5010,1,5,10000157,5009,5011,1,1,-1,-1,-1,-1,504,-1,-1,-1,-1,-1,-1,-1,-1,-1,-1,-1,-1,-1,-1,-1,-1,-1,-1,-1,-1,-1,-1,5282,1908,1250101,-1,-1,-1,-1,-1,-1,1100002,1,-1
5011,1,5,10000160,5010,5012,1,3,505,505,505,-1,505,-1,-1,505,-1,505,-1,505,505,-1,506,-1,506,-1,-1,506,-1,-1,506,-1,506,506,506,1761,627,1250111,1763,631,1250112,1766,635,1250113,1100002,1,-1
5012,1,5,-1,5011,5013,1,3,505,505,505,-1,505,-1,-1,505,-1,505,-1,505,506,-1,506,-1,506,-1,-1,506,-1,-1,506,-1,506,506,506,1832,646,1250121,1834,652,1250122,1836,657,1250123,1100002,1,-1
5013,1,5,-1,5012,5014,1,3,505,505,505,-1,505,-1,-1,505,-1,505,-1,505,506,-1,506,-1,506,-1,-1,506,-1,-1,506,-1,506,506,506,1832,646,1250131,1834,652,1250132,1836,657,1250133,1100002,1,-1
5014,1,5,-1,5013,5015,1,3,505,505,505,-1,505,-1,-1,505,-1,505,-1,505,505,-1,506,-1,506,-1,-1,506,-1,-1,506,-1,506,506,506,1832,646,1250141,1834,652,1250142,1836,657,1250143,1100002,1,-1
5015,1,5,10000163,5014,5016,1,1,-1,-1,-1,-1,507,-1,-1,-1,-1,-1,-1,-1,-1,-1,-1,-1,-1,-1,-1,-1,-1,-1,-1,-1,-1,-1,-1,5493,1959,1250151,-1,-1,-1,-1,-1,-1,1100002,1,-1
5016,1,5,10000166,5015,5017,1,3,508,508,508,-1,508,-1,-1,508,-1,508,-1,508,509,-1,509,-1,509,-1,-1,509,-1,-1,509,-1,509,509,509,1902,664,1250161,1904,669,1250162,1906,674,1250163,1100002,1,-1
5017,1,5,-1,5016,5018,1,3,508,508,508,-1,508,-1,-1,508,-1,508,-1,508,509,-1,509,-1,509,-1,-1,509,-1,-1,509,-1,509,509,509,1902,664,1250171,1904,669,1250172,1906,674,1250173,1100002,1,-1
5018,1,5,-1,5017,5019,1,3,508,508,508,-1,508,-1,-1,508,-1,508,-1,508,509,-1,509,-1,509,-1,-1,509,-1,-1,509,-1,509,509,509,1902,664,1250181,1904,669,1250182,1906,674,1250183,1100002,1,-1
5019,1,5,10000169,5018,6000,1,1,-1,-1,-1,-1,510,-1,-1,-1,-1,-1,-1,-1,-1,-1,-1,-1,-1,-1,-1,-1,-1,-1,-1,-1,-1,-1,-1,5705,2010,1250191,-1,-1,-1,-1,-1,-1,1100002,1,-1
6000,1,5,10000172,5019,6001,1,3,515,515,515,-1,515,-1,-1,515,-1,516,-1,516,516,-1,516,-1,516,-1,-1,517,-1,-1,517,-1,517,517,517,1972,677,1250181,1975,680,1250182,1977,683,1250183,1100002,1,-1
6001,1,5,10000175,6000,6002,1,3,518,518,518,-1,518,-1,-1,518,-1,519,-1,519,519,-1,519,-1,519,-1,-1,520,-1,-1,520,-1,520,520,520,1975,678,1250181,1977,681,1250182,1958,684,1250183,1100002,1,-1
6002,1,5,-1,6001,6003,1,3,521,521,521,-1,521,-1,-1,521,-1,521,-1,521,521,-1,521,-1,521,-1,-1,521,-1,521,521,521,-1,521,-1,1977,679,1250181,1979,682,1250182,1939,685,1250183,1100002,1,-1
6003,1,5,-1,6002,6004,1,3,522,-1,522,522,-1,522,-1,522,-1,523,-1,523,523,-1,523,-1,523,-1,-1,524,-1,-1,524,-1,524,524,524,1979,680,1250181,1981,683,1250182,1921,686,1250183,1100002,1,-1
6004,1,5,-1,6003,6005,1,3,525,-1,525,525,-1,525,-1,525,-1,526,-1,526,526,-1,526,-1,526,-1,-1,526,-1,-1,527,-1,527,527,527,1981,681,1250181,1983,684,1250182,1902,687,1250183,1100002,1,-1
6005,1,5,10000178,6004,6006,1,3,528,528,528,-1,528,-1,-1,528,-1,529,-1,529,529,-1,529,-1,529,-1,-1,-1,-1,-1,530,-1,-1,-1,-1,2066,682,1250181,2069,685,1250182,2074,688,1250183,1100002,1,-1
6006,1,5,10000181,6005,6007,1,3,531,531,531,-1,531,-1,-1,531,-1,532,-1,532,532,-1,532,-1,532,-1,-1,533,-1,-1,533,-1,533,533,533,2069,683,1250181,2072,686,1250182,2077,689,1250183,1100002,1,-1
6007,1,5,-1,6006,6008,1,3,534,534,534,-1,534,-1,-1,534,-1,534,-1,534,534,-1,534,-1,534,-1,-1,534,-1,-1,534,-1,534,534,534,2072,684,1250181,2076,687,1250182,2080,690,1250183,1100002,1,-1
6008,1,5,-1,6007,6009,1,3,535,535,535,-1,535,-1,-1,535,-1,536,-1,536,536,-1,536,-1,536,-1,-1,537,-1,-1,537,-1,537,537,537,2076,694,1250181,2079,697,1250182,2083,700,1250183,1100002,1,-1
6009,1,5,-1,6008,6010,1,3,538,538,538,-1,538,-1,-1,538,-1,539,-1,539,539,-1,539,-1,539,-1,-1,540,-1,-1,540,-1,540,540,540,2079,695,1250181,2082,698,1250182,2087,701,1250183,1100002,1,-1
6010,1,5,10000184,6009,6011,1,3,541,541,541,-1,541,-1,-1,541,-1,542,-1,524,542,-1,542,-1,542,-1,-1,-1,-1,-1,543,-1,-1,-1,-1,2159,696,1250181,2164,699,1250182,2169,702,1250183,1100002,1,-1
6011,1,5,10000187,6010,6012,1,3,544,544,544,-1,544,-1,-1,544,-1,545,-1,545,545,-1,545,-1,545,-1,-1,546,-1,-1,546,-1,546,546,546,2163,697,1250181,2168,700,1250182,2174,703,1250183,1100002,1,-1
6012,1,5,-1,6011,6013,1,3,547,547,547,-1,547,-1,-1,547,-1,547,-1,547,547,-1,547,-1,547,-1,-1,547,-1,-1,547,-1,547,547,547,2166,698,1250181,2173,701,1250182,2178,704,1250183,1100002,1,-1
6013,1,5,-1,6012,6014,1,3,548,548,548,-1,548,-1,-1,548,-1,549,-1,549,549,-1,549,-1,549,-1,-1,550,-1,-1,550,-1,550,550,550,2169,699,1250181,2177,702,1250182,2182,705,1250183,1100002,1,-1
6014,1,5,-1,6013,6015,1,3,551,551,551,-1,551,-1,-1,551,-1,552,-1,552,552,-1,552,-1,552,-1,-1,553,-1,-1,553,-1,553,553,553,2173,700,1250181,2181,703,1250182,2187,706,1250183,1100002,1,-1
6015,1,5,10000190,6014,6016,1,3,554,554,554,-1,554,-1,-1,554,-1,554,-1,554,554,-1,554,-1,554,-1,-1,554,-1,-1,554,-1,554,554,554,2253,701,1250181,2256,704,1250182,2261,707,1250183,1100002,1,-1
6016,1,5,-1,6015,6017,1,3,555,555,555,-1,555,-1,-1,555,-1,556,-1,556,556,-1,556,-1,556,-1,-1,557,-1,-1,557,-1,557,557,557,2257,712,1250181,2259,715,1250182,2264,718,1250183,1100002,1,-1
6017,1,5,-1,6016,6018,1,3,558,558,558,-1,558,-1,-1,558,-1,559,-1,559,559,-1,559,-1,559,-1,-1,560,-1,-1,560,-1,560,560,560,2262,713,1250181,2263,716,1250182,2267,719,1250183,1100002,1,-1
6018,1,5,-1,6017,6019,1,3,561,561,561,-1,561,-1,-1,561,-1,562,-1,562,562,-1,562,-1,562,-1,-1,563,-1,-1,563,-1,563,563,563,2266,714,1250181,2266,717,1250182,2270,720,1250183,1100002,1,-1
6019,1,5,10000193,6018,6020,1,1,-1,-1,-1,-1,564,-1,-1,-1,-1,-1,-1,-1,-1,-1,-1,-1,-1,-1,-1,-1,-1,-1,-1,-1,-1,-1,-1,2270,715,1250181,2269,718,1250182,2274,721,1250183,1100002,1,-1
6020,1,5,10000196,6019,6021,1,3,565,565,565,-1,565,-1,-1,565,-1,566,-1,566,566,-1,566,-1,566,-1,-1,567,-1,-1,567,-1,567,567,567,2347,716,1250181,2352,719,1250182,2356,722,1250183,1100002,1,-1
6021,1,5,-1,6020,6022,1,3,568,568,568,-1,568,-1,-1,568,-1,569,-1,569,569,-1,569,-1,569,-1,-1,570,-1,-1,570,-1,570,570,570,2351,717,1250181,2355,720,1250182,2360,723,1250183,1100002,1,-1
6022,1,5,-1,6021,6023,1,3,571,571,571,-1,571,-1,-1,571,-1,572,-1,572,572,-1,572,-1,572,-1,-1,573,-1,-1,573,-1,573,573,573,2354,718,1250181,2358,721,1250182,2363,724,1250183,1100002,1,-1
6023,1,5,-1,6022,6024,1,3,574,574,574,-1,574,-1,-1,574,-1,575,-1,575,575,-1,575,-1,575,-1,-1,576,-1,-1,576,-1,576,576,576,2357,729,1250181,2362,732,1250182,2366,735,1250183,1100002,1,-1
6024,1,5,10000199,6023,6025,1,3,577,577,577,-1,577,-1,-1,577,-1,578,-1,578,578,-1,578,-1,578,-1,-1,-1,-1,-1,579,-1,-1,-1,-1,2361,730,1250181,2365,733,1250182,2369,736,1250183,1100002,1,-1
6025,1,5,10000202,6024,6026,1,3,580,580,580,-1,580,-1,-1,580,-1,580,-1,580,580,-1,580,-1,580,-1,-1,580,-1,-1,580,-1,580,580,580,2441,731,1250181,2445,734,1250182,2450,737,1250183,1100002,1,-1
6026,1,5,-1,6025,6027,1,3,581,581,581,-1,581,-1,-1,581,-1,582,-1,582,582,-1,582,-1,582,-1,-1,583,-1,-1,583,-1,583,583,583,2444,732,1250181,2449,735,1250182,2453,738,1250183,1100002,1,-1
6027,1,5,-1,6026,6028,1,3,584,584,584,-1,584,-1,-1,584,-1,585,-1,585,585,-1,585,-1,585,-1,-1,586,-1,-1,586,-1,586,586,586,2448,733,1250181,2452,736,1250182,2456,739,1250183,1100002,1,-1
6028,1,5,-1,6027,6029,1,3,587,587,587,-1,587,-1,-1,587,-1,588,-1,588,588,-1,588,-1,588,-1,-1,589,-1,-1,589,-1,589,589,589,2451,734,1250181,2455,737,1250182,2460,740,1250183,1100002,1,-1
6029,1,5,10000205,6028,6030,1,3,590,590,590,-1,590,-1,-1,590,-1,591,-1,591,591,-1,591,-1,591,-1,-1,-1,-1,-1,592,-1,-1,-1,-1,2454,735,1250181,2459,738,1250182,2463,741,1250183,1100002,1,-1
6030,1,5,10000208,6029,6031,1,3,593,593,593,-1,593,-1,-1,593,-1,593,-1,593,593,-1,593,-1,593,-1,-1,593,-1,-1,593,-1,593,593,593,2534,746,1250181,2539,749,1250182,2543,752,1250183,1100002,1,-1
6031,1,5,-1,6030,6032,1,3,594,594,594,-1,594,-1,-1,594,-1,595,-1,595,595,-1,595,-1,595,-1,-1,596,-1,-1,596,-1,596,596,596,2538,748,1250181,2542,751,1250182,2547,754,1250183,1100002,1,-1
6032,1,5,-1,6031,6033,1,3,597,597,597,-1,597,-1,-1,597,-1,598,-1,598,598,-1,598,-1,598,-1,-1,599,-1,-1,599,-1,599,599,599,2541,750,1250181,2545,753,1250182,2550,756,1250183,1100002,1,-1
6033,1,5,-1,6032,6034,1,3,600,600,600,-1,600,-1,-1,600,-1,601,-1,601,601,-1,601,-1,601,-1,601,-1,601,601,-1,601,-1,601,-1,2544,751,1250181,2549,754,1250182,2553,757,1250183,1100002,1,-1
6034,1,5,10000211,6033,6035,1,3,601,-1,601,601,-1,601,-1,601,-1,-1,-1,-1,-1,602,-1,-1,-1,-1,-1,-1,-1,-1,603,-1,-1,-1,-1,2548,752,1250181,2552,755,1250182,2556,758,1250183,1100002,1,-1
6035,1,5,10000214,6034,6036,1,3,604,604,604,-1,604,-1,-1,604,-1,605,-1,605,605,-1,605,-1,605,-1,-1,606,-1,-1,606,-1,606,606,606,2629,760,1250181,2633,763,1250182,2638,766,1250183,1100002,1,-1
6036,1,5,-1,6035,6037,1,3,607,607,607,-1,607,-1,-1,607,-1,608,-1,608,608,-1,608,-1,608,-1,-1,609,-1,-1,609,-1,609,609,609,2632,763,1250181,2637,766,1250182,2641,769,1250183,1100002,1,-1
6037,1,5,-1,6036,6038,1,3,610,610,610,-1,610,-1,-1,610,-1,611,-1,611,611,-1,611,-1,611,-1,-1,612,-1,-1,612,-1,612,612,612,2636,765,1250181,2640,768,1250182,2644,771,1250183,1100002,1,-1
6038,1,5,10000217,6037,6039,1,1,-1,-1,-1,-1,613,-1,-1,-1,-1,-1,-1,-1,-1,-1,-1,-1,-1,-1,-1,-1,-1,-1,-1,-1,-1,-1,-1,2639,767,1250181,2643,770,1250182,2648,773,1250183,1100002,1,-1
6039,1,5,10000220,6038,7000,1,1,-1,-1,-1,-1,614,-1,-1,-1,-1,-1,-1,-1,-1,-1,-1,-1,-1,-1,-1,-1,-1,-1,-1,-1,-1,-1,-1,2642,769,1250181,2647,772,1250182,2651,775,1250183,1100002,1,-1
7000,1,5,10000223,6039,7001,1,3,615,615,615,-1,615,-1,-1,615,-1,616,-1,616,616,-1,616,-1,616,-1,-1,617,-1,-1,617,-1,617,617,617,2723,796,1250181,2727,799,1250182,2742,802,1250183,1100002,1,-1
7001,1,5,-1,7000,7002,1,3,618,618,618,-1,618,-1,-1,618,-1,619,-1,619,619,-1,619,-1,619,-1,-1,620,-1,-1,620,-1,620,620,620,2726,779,1250181,2730,782,1250182,2746,785,1250183,1100002,1,-1
7002,1,5,-1,7001,7003,1,3,621,621,621,-1,621,-1,-1,621,-1,622,-1,622,622,-1,622,-1,622,-1,-1,623,-1,-1,623,-1,623,623,623,2729,782,1250181,2734,785,1250182,2749,788,1250183,1100002,1,-1
7003,1,5,-1,7002,7004,1,3,624,624,624,-1,624,-1,-1,624,-1,625,-1,625,625,-1,625,-1,625,-1,-1,626,-1,-1,626,-1,626,626,626,2732,784,1250181,2737,787,1250182,2752,790,1250183,1100002,1,-1
7004,1,5,10000226,7003,7005,1,3,627,627,627,-1,627,-1,-1,627,-1,628,-1,628,628,-1,628,-1,628,-1,-1,-1,-1,-1,629,-1,-1,-1,-1,2736,786,1250181,2740,789,1250182,2756,792,1250183,1100002,1,-1
7005,1,5,10000229,7004,7006,1,3,630,630,630,-1,630,-1,-1,630,-1,631,-1,631,631,-1,631,-1,631,-1,-1,632,-1,-1,632,-1,632,632,632,2816,788,1250181,2820,791,1250182,2827,794,1250183,1100002,1,-1
7006,1,5,-1,7005,7007,1,3,633,633,633,-1,633,-1,-1,633,-1,634,-1,634,634,-1,634,-1,634,-1,-1,635,-1,-1,635,-1,635,635,635,2819,792,1250181,2824,795,1250182,2830,798,1250183,1100002,1,-1
7007,1,5,-1,7006,7008,1,3,636,636,636,-1,636,-1,-1,636,-1,637,-1,637,637,-1,637,-1,637,-1,-1,638,-1,-1,638,-1,638,638,638,2823,796,1250181,2827,799,1250182,2834,802,1250183,1100002,1,-1
7008,1,5,-1,7007,7009,1,3,639,639,639,-1,639,-1,-1,639,-1,640,-1,640,640,-1,640,-1,640,-1,-1,641,-1,-1,641,-1,641,641,641,2826,800,1250181,2830,803,1250182,2837,806,1250183,1100002,1,-1
7009,1,5,-1,7008,7010,1,3,642,642,642,-1,642,-1,-1,642,-1,643,-1,643,643,-1,643,-1,643,-1,-1,644,-1,-1,644,-1,644,644,644,2829,803,1250181,2834,806,1250182,2840,809,1250183,1100002,1,-1
7010,1,5,10000232,7009,7011,1,3,645,645,645,-1,645,-1,-1,645,-1,646,-1,646,646,-1,646,-1,646,-1,-1,-1,-1,-1,647,-1,-1,-1,-1,2833,904,1250181,2837,907,1250182,2844,910,1250183,1100002,1,-1
7011,1,5,10000235,7010,7012,1,3,648,648,648,-1,648,-1,-1,648,-1,649,-1,649,649,-1,649,-1,649,-1,-1,650,-1,-1,650,-1,650,650,650,2836,806,1250181,2840,809,1250182,2847,812,1250183,1100002,1,-1
7012,1,5,-1,7011,7013,1,3,651,651,651,-1,651,-1,-1,651,-1,652,-1,652,652,-1,652,-1,652,-1,-1,653,-1,-1,653,-1,653,653,653,2839,808,1250181,2844,811,1250182,2850,814,1250183,1100002,1,-1
7013,1,5,-1,7012,7014,1,3,654,654,654,-1,654,-1,-1,654,-1,655,-1,655,655,-1,655,-1,655,-1,-1,656,-1,-1,656,-1,656,656,656,2842,811,1250181,2847,814,1250182,2853,817,1250183,1100002,1,-1
7014,1,5,-1,7013,7015,1,3,657,657,657,-1,657,-1,-1,657,-1,658,-1,658,658,-1,658,-1,658,-1,-1,659,-1,-1,659,-1,659,659,659,2846,814,1250181,2850,817,1250182,2857,820,1250183,1100002,1,-1
7015,1,5,10000238,7014,7016,1,3,660,660,660,-1,660,-1,-1,660,-1,661,-1,661,661,-1,661,-1,661,-1,-1,-1,-1,-1,662,-1,-1,-1,-1,2849,817,1250181,2853,820,1250182,2860,823,1250183,1100002,1,-1
7016,1,5,10000241,7015,7017,1,3,663,663,663,-1,663,-1,-1,663,-1,664,-1,664,664,-1,664,-1,664,-1,-1,665,-1,-1,665,-1,665,665,665,2852,820,1250181,2857,823,1250182,2863,826,1250183,1100002,1,-1
7017,1,5,-1,7016,7018,1,3,666,666,666,-1,666,-1,-1,666,-1,667,-1,667,667,-1,667,-1,667,-1,-1,668,-1,-1,668,-1,668,668,668,2856,821,1250181,2860,824,1250182,2867,827,1250183,1100002,1,-1
7018,1,5,-1,7017,7019,1,3,669,669,669,-1,669,-1,-1,669,-1,670,-1,670,670,-1,670,-1,670,-1,-1,671,-1,-1,671,-1,671,671,671,2859,823,1250181,2863,826,1250182,2870,829,1250183,1100002,1,-1
7019,1,5,-1,7018,7020,1,3,672,672,672,-1,672,-1,-1,672,-1,673,-1,673,673,-1,673,-1,673,-1,-1,674,-1,-1,674,-1,674,674,674,2862,825,1250181,2867,828,1250182,2873,831,1250183,1100002,1,-1
7020,1,5,10000244,7019,7021,1,3,675,675,675,-1,675,-1,-1,675,-1,676,-1,676,676,-1,676,-1,676,-1,-1,-1,-1,-1,677,-1,-1,-1,-1,2866,827,1250181,2870,830,1250182,2877,833,1250183,1100002,1,-1
7021,1,5,10000247,7020,7022,1,3,678,678,678,-1,678,-1,-1,678,-1,679,-1,679,679,-1,679,-1,679,-1,-1,680,-1,-1,680,-1,680,680,680,2869,829,1250181,2873,832,1250182,2880,835,1250183,1100002,1,-1
7022,1,5,-1,7021,7023,1,3,681,681,681,-1,681,-1,-1,681,-1,682,-1,682,682,-1,682,-1,682,-1,-1,683,-1,-1,683,-1,683,683,683,2872,831,1250181,2877,834,1250182,2883,837,1250183,1100002,1,-1
7023,1,5,-1,7022,7024,1,3,684,684,684,-1,684,-1,-1,684,-1,685,-1,685,685,-1,685,-1,685,-1,-1,686,-1,-1,686,-1,686,686,686,2875,834,1250181,2880,837,1250182,2886,840,1250183,1100002,1,-1
7024,1,5,10000250,7023,8000,1,3,687,687,687,-1,687,-1,-1,687,-1,688,-1,688,688,-1,688,-1,688,-1,-1,-1,-1,-1,689,-1,-1,-1,-1,2879,837,1250181,2883,840,1250182,2890,843,1250183,1100002,1,-1
8000,1,5,10000253,7024,8001,1,3,690,690,690,-1,690,-1,-1,690,-1,691,-1,691,691,-1,691,-1,691,-1,-1,692,-1,-1,692,-1,692,692,692,2911,838,1250181,2915,841,1250182,2919,844,1250183,1100002,1,-1
8001,1,5,-1,8000,8002,1,3,693,693,693,-1,693,-1,-1,693,-1,694,-1,694,694,-1,694,-1,694,-1,-1,695,-1,-1,695,-1,695,695,695,2914,839,1250181,2918,842,1250182,2923,845,1250183,1100002,1,-1
8002,1,5,-1,8001,8003,1,3,696,696,696,-1,696,-1,-1,696,-1,697,-1,697,697,-1,697,-1,697,-1,-1,698,-1,-1,698,-1,698,698,698,2917,840,1250181,2922,843,1250182,2926,846,1250183,1100002,1,-1
8003,1,5,-1,8002,8004,1,3,699,699,699,-1,699,-1,-1,699,-1,700,-1,700,700,-1,700,-1,700,-1,-1,701,-1,-1,701,-1,701,701,701,2921,842,1250181,2925,845,1250182,2929,848,1250183,1100002,1,-1
8004,1,5,10000256,8003,8005,1,3,702,702,702,-1,702,-1,-1,702,-1,703,-1,703,703,-1,703,-1,703,-1,-1,-1,-1,-1,704,-1,-1,-1,-1,2924,844,1250181,2928,847,1250182,2933,850,1250183,1100002,1,-1
8005,1,5,10000259,8004,8006,1,3,705,705,705,-1,705,-1,-1,705,-1,706,-1,706,706,-1,706,-1,706,-1,-1,707,-1,-1,707,-1,707,707,707,2927,846,1250181,2932,849,1250182,2936,852,1250183,1100002,1,-1
8006,1,5,-1,8005,8007,1,3,708,708,708,-1,708,-1,-1,708,-1,709,-1,709,709,-1,709,-1,709,-1,-1,710,-1,-1,710,-1,710,710,710,2930,848,1250181,2935,851,1250182,2939,854,1250183,1100002,1,-1
8007,1,5,-1,8006,8008,1,3,711,711,711,-1,711,-1,-1,711,-1,712,-1,712,712,-1,712,-1,712,-1,-1,713,-1,-1,713,-1,713,713,713,2934,850,1250181,2938,853,1250182,2943,856,1250183,1100002,1,-1
8008,1,5,-1,8007,8009,1,3,714,714,714,-1,714,-1,-1,714,-1,715,-1,715,715,-1,715,-1,715,-1,-1,716,-1,-1,716,-1,716,716,716,2937,852,1250181,2941,855,1250182,2946,858,1250183,1100002,1,-1
8009,1,5,10000262,8008,8010,1,3,717,717,717,-1,717,-1,-1,717,-1,718,-1,718,718,-1,718,-1,718,-1,-1,-1,-1,-1,719,-1,-1,-1,-1,2940,854,1250181,2945,857,1250182,2949,860,1250183,1100002,1,-1
8010,1,5,10000265,8009,8011,1,3,720,720,720,-1,720,-1,-1,720,-1,721,-1,721,721,-1,721,-1,721,-1,-1,722,-1,-1,722,-1,722,722,722,3051,855,1250181,3056,858,1250182,3060,861,1250183,1100002,1,-1
8011,1,5,-1,8010,8012,1,3,723,723,723,-1,723,-1,-1,723,-1,724,-1,724,724,-1,724,-1,724,-1,-1,725,-1,-1,725,-1,725,725,725,3055,856,1250181,3059,859,1250182,3064,862,1250183,1100002,1,-1
8012,1,5,-1,8011,8013,1,3,726,726,726,-1,726,-1,-1,726,-1,727,-1,727,727,-1,727,-1,727,-1,-1,728,-1,-1,728,-1,728,728,728,3058,857,1250181,3062,860,1250182,3067,863,1250183,1100002,1,-1
8013,1,5,-1,8012,8014,1,3,729,729,729,-1,729,-1,-1,729,-1,730,-1,730,730,-1,730,-1,730,-1,-1,731,-1,-1,731,-1,731,731,731,3061,859,1250181,3066,862,1250182,3070,865,1250183,1100002,1,-1
8014,1,5,10000268,8013,8015,1,3,732,732,732,-1,732,-1,-1,732,-1,733,-1,733,733,-1,733,-1,733,-1,-1,-1,-1,-1,734,-1,-1,-1,-1,3065,861,1250181,3069,864,1250182,3073,867,1250183,1100002,1,-1
8015,1,5,10000271,8014,8016,1,3,735,735,735,-1,735,-1,-1,735,-1,736,-1,736,736,-1,736,-1,736,-1,-1,737,-1,-1,737,-1,737,737,737,3068,863,1250181,3072,866,1250182,3077,869,1250183,1100002,1,-1
8016,1,5,-1,8015,8017,1,3,738,738,738,-1,738,-1,-1,738,-1,739,-1,739,739,-1,739,-1,739,-1,-1,740,-1,-1,740,-1,740,740,740,3071,866,1250181,3076,869,1250182,3080,872,1250183,1100002,1,-1
8017,1,5,-1,8016,8018,1,3,741,741,741,-1,741,-1,-1,741,-1,742,-1,742,742,-1,742,-1,742,-1,-1,743,-1,-1,743,-1,743,743,743,3075,869,1250181,3079,872,1250182,3083,875,1250183,1100002,1,-1
8018,1,5,-1,8017,8019,1,3,744,744,744,-1,744,-1,-1,744,-1,745,-1,745,745,-1,745,-1,745,-1,-1,746,-1,-1,746,-1,746,746,746,3078,871,1250181,3082,874,1250182,3087,877,1250183,1100002,1,-1
8019,1,5,10000274,8018,8020,1,3,747,747,747,-1,747,-1,-1,747,-1,748,-1,748,748,-1,748,-1,748,-1,-1,-1,-1,-1,749,-1,-1,-1,-1,3192,878,1250181,3194,881,1250182,3197,884,1250183,1100002,1,-1
8020,1,5,10000277,8019,8021,1,3,750,750,750,-1,750,-1,-1,750,-1,751,-1,751,751,-1,751,-1,751,-1,-1,752,-1,-1,752,-1,752,752,752,3192,880,1250181,3194,883,1250182,3197,886,1250183,1100002,1,-1
8021,1,5,-1,8020,8022,1,3,753,753,753,-1,753,-1,-1,753,-1,754,-1,754,754,-1,754,-1,754,-1,-1,755,-1,-1,755,-1,755,755,755,3192,882,1250181,3194,885,1250182,3197,888,1250183,1100002,1,-1
8022,1,5,-1,8021,8023,1,3,756,756,756,-1,756,-1,-1,756,-1,757,-1,757,757,-1,757,-1,757,-1,-1,758,-1,-1,758,-1,758,758,758,3192,884,1250181,3194,887,1250182,3197,890,1250183,1100002,1,-1
8023,1,5,-1,8022,8024,1,3,759,759,759,-1,759,-1,-1,759,-1,760,-1,760,760,-1,760,-1,760,-1,-1,761,-1,-1,761,-1,761,761,761,3192,886,1250181,3194,889,1250182,3197,892,1250183,1100002,1,-1
8024,1,5,10000280,8023,9000,1,3,762,762,762,-1,762,-1,-1,762,-1,763,-1,763,763,-1,763,-1,763,-1,-1,-1,-1,-1,764,-1,-1,-1,-1,3192,888,1250181,3194,891,1250182,3197,894,1250183,1100002,1,-1
9000,1,5,10000283,8024,9001,1,3,765,765,765,-1,765,-1,-1,765,-1,766,-1,766,766,-1,766,-1,766,-1,-1,767,-1,-1,767,-1,767,767,767,3333,888,1250181,3335,891,1250182,3337,894,1250183,1100002,1,-1
9001,1,5,-1,9000,9002,1,3,768,768,768,-1,768,-1,-1,768,-1,769,-1,769,769,-1,769,-1,769,-1,-1,770,-1,-1,770,-1,770,770,770,3333,889,1250181,3335,892,1250182,3337,895,1250183,1100002,1,-1
9002,1,5,-1,9001,9003,1,3,771,771,771,-1,771,-1,-1,771,-1,772,-1,772,772,-1,772,-1,772,-1,-1,773,-1,-1,773,-1,773,773,773,3333,890,1250181,3335,893,1250182,3337,896,1250183,1100002,1,-1
9003,1,5,-1,9002,9004,1,3,774,774,774,-1,774,-1,-1,774,-1,775,-1,775,775,-1,775,-1,775,-1,-1,776,-1,-1,776,-1,776,776,776,3333,891,1250181,3335,894,1250182,3337,897,1250183,1100002,1,-1
9004,1,5,10000286,9003,9005,1,3,777,777,777,-1,777,-1,-1,777,-1,778,-1,778,778,-1,778,-1,778,-1,-1,-1,-1,-1,779,-1,-1,-1,-1,3333,893,1250181,3335,896,1250182,3337,899,1250183,1100002,1,-1
9005,1,5,10000289,9004,9006,1,3,780,780,780,-1,780,-1,-1,780,-1,781,-1,781,781,-1,781,-1,781,-1,-1,782,-1,-1,782,-1,782,782,782,3333,895,1250181,3335,898,1250182,3337,901,1250183,1100002,1,-1
9006,1,5,-1,9005,9007,1,3,783,783,783,-1,783,-1,-1,783,-1,784,-1,784,784,-1,784,-1,784,-1,-1,785,-1,-1,785,-1,785,785,785,3333,897,1250181,3335,900,1250182,3337,903,1250183,1100002,1,-1
9007,1,5,-1,9006,9008,1,3,786,786,786,-1,786,-1,-1,786,-1,787,-1,787,787,-1,787,-1,787,-1,-1,788,-1,-1,788,-1,788,788,788,3333,899,1250181,3335,902,1250182,3337,905,1250183,1100002,1,-1
9008,1,5,-1,9007,9009,1,3,789,789,789,-1,789,-1,-1,789,-1,790,-1,790,790,-1,790,-1,790,-1,-1,791,-1,-1,791,-1,791,791,791,3333,902,1250181,3335,905,1250182,3337,908,1250183,1100002,1,-1
9009,1,5,10000292,9008,9010,1,3,792,792,792,-1,792,-1,-1,792,-1,793,-1,793,793,-1,793,-1,793,-1,-1,-1,-1,-1,794,-1,-1,-1,-1,3333,905,1250181,3335,908,1250182,3337,911,1250183,1100002,1,-1
9010,1,5,10000295,9009,9011,1,3,795,795,795,-1,795,-1,-1,795,-1,796,-1,796,796,-1,796,-1,796,-1,-1,797,-1,-1,797,-1,797,797,797,3474,906,1250181,3476,909,1250182,3478,912,1250183,1100002,1,-1
9011,1,5,-1,9010,9012,1,3,798,798,798,-1,798,-1,-1,798,-1,799,-1,799,799,-1,799,-1,799,-1,-1,800,-1,-1,800,-1,800,800,800,3474,908,1250181,3476,911,1250182,3478,914,1250183,1100002,1,-1
9012,1,5,-1,9011,9013,1,3,801,801,801,-1,801,-1,-1,801,-1,802,-1,802,802,-1,802,-1,802,-1,-1,803,-1,-1,803,-1,803,803,803,3474,910,1250181,3476,913,1250182,3478,916,1250183,1100002,1,-1
9013,1,5,-1,9012,9014,1,3,804,804,804,-1,804,-1,-1,804,-1,805,-1,805,805,-1,805,-1,805,-1,-1,806,-1,-1,806,-1,806,806,806,3474,912,1250181,3476,915,1250182,3478,918,1250183,1100002,1,-1
9014,1,5,10000298,9013,9015,1,3,807,807,807,-1,807,-1,-1,807,-1,808,-1,808,808,-1,808,-1,808,-1,-1,-1,-1,-1,809,-1,-1,-1,-1,3474,914,1250181,3476,917,1250182,3478,920,1250183,1100002,1,-1
9015,1,5,10000301,9014,9016,1,3,810,810,810,-1,810,-1,-1,810,-1,811,-1,811,811,-1,811,-1,811,-1,-1,812,-1,-1,812,-1,812,812,812,3474,916,1250181,3476,919,1250182,3478,922,1250183,1100002,1,-1
9016,1,5,-1,9015,9017,1,3,813,813,813,-1,813,-1,-1,813,-1,814,-1,814,814,-1,814,-1,814,-1,-1,815,-1,-1,815,-1,815,815,815,3474,918,1250181,3476,921,1250182,3478,924,1250183,1100002,1,-1
9017,1,5,-1,9016,9018,1,3,816,816,816,-1,816,-1,-1,816,-1,817,-1,817,817,-1,817,-1,817,-1,-1,818,-1,-1,818,-1,818,818,818,3474,920,1250181,3476,923,1250182,3478,926,1250183,1100002,1,-1
9018,1,5,-1,9017,9019,1,3,819,819,819,-1,819,-1,-1,819,-1,820,-1,820,820,-1,820,-1,820,-1,-1,821,-1,-1,821,-1,821,821,821,3474,922,1250181,3476,925,1250182,3478,928,1250183,1100002,1,-1
9019,1,5,10000304,9018,9020,1,3,822,822,822,-1,822,-1,-1,822,-1,823,-1,823,823,-1,823,-1,823,-1,-1,-1,-1,-1,824,-1,-1,-1,-1,3615,926,1250181,3617,929,1250182,3619,932,1250183,1100002,1,-1
9020,1,5,10000307,9019,9021,1,3,825,825,825,-1,825,-1,-1,825,-1,826,-1,826,826,-1,826,-1,826,-1,-1,827,-1,-1,827,-1,827,827,827,3615,929,1250181,3617,932,1250182,3619,935,1250183,1100002,1,-1
9021,1,5,-1,9020,9022,1,3,828,828,828,-1,828,-1,-1,828,-1,829,-1,829,829,-1,829,-1,829,-1,-1,830,-1,-1,830,-1,830,830,830,3615,933,1250181,3617,936,1250182,3619,939,1250183,1100002,1,-1
9022,1,5,-1,9021,9023,1,3,831,831,831,-1,831,-1,-1,831,-1,832,-1,832,832,-1,832,-1,832,-1,-1,833,-1,-1,833,-1,833,833,833,3615,935,1250181,3617,938,1250182,3619,941,1250183,1100002,1,-1
9023,1,5,-1,9022,9024,1,3,834,834,834,-1,834,-1,-1,834,-1,835,-1,835,835,-1,835,-1,835,-1,-1,836,-1,-1,836,-1,836,836,836,3615,937,1250181,3617,940,1250182,3619,943,1250183,1100002,1,-1
9024,1,5,10000310,9023,9025,1,3,837,837,837,-1,837,-1,-1,837,-1,838,-1,838,838,-1,838,-1,838,-1,-1,-1,-1,-1,839,-1,-1,-1,-1,3615,939,1250181,3617,942,1250182,3619,945,1250183,1100002,1,-1
9025,1,5,10000313,9024,9026,1,3,840,840,840,-1,840,-1,-1,840,-1,841,-1,841,841,-1,841,-1,841,-1,-1,842,-1,-1,842,-1,842,842,842,3755,940,1250181,3758,943,1250182,3760,946,1250183,1100002,1,-1
9026,1,5,-1,9025,9027,1,3,843,843,843,-1,843,-1,-1,843,-1,844,-1,844,844,-1,844,-1,844,-1,-1,845,-1,-1,845,-1,845,845,845,3755,942,1250181,3758,945,1250182,3760,948,1250183,1100002,1,-1
9027,1,5,-1,9026,9028,1,3,846,846,846,-1,846,-1,-1,846,-1,847,-1,847,847,-1,847,-1,847,-1,-1,848,-1,-1,848,-1,848,848,848,3755,944,1250181,3758,947,1250182,3760,950,1250183,1100002,1,-1
9028,1,5,-1,9027,9029,1,3,849,849,849,-1,849,-1,-1,849,-1,850,-1,850,850,-1,850,-1,850,-1,-1,851,-1,-1,851,-1,851,851,851,3755,946,1250181,3758,949,1250182,3760,952,1250183,1100002,1,-1
9029,1,5,10000316,9028,9030,1,3,852,852,852,-1,852,-1,-1,852,-1,853,-1,853,853,-1,853,-1,853,-1,-1,-1,-1,-1,854,-1,-1,-1,-1,3755,948,1250181,3758,951,1250182,3760,954,1250183,1100002,1,-1
9030,1,5,10000319,9029,9031,1,3,855,855,855,-1,855,-1,-1,855,-1,856,-1,856,856,-1,856,-1,856,-1,-1,857,-1,-1,857,-1,857,857,857,3755,950,1250181,3758,953,1250182,3760,956,1250183,1100002,1,-1
9031,1,5,-1,9030,9032,1,3,858,858,858,-1,858,-1,-1,858,-1,859,-1,859,859,-1,859,-1,859,-1,-1,860,-1,-1,860,-1,860,860,860,3755,952,1250181,3758,955,1250182,3760,958,1250183,1100002,1,-1
9032,1,5,-1,9031,9033,1,3,861,861,861,-1,861,-1,-1,861,-1,862,-1,862,862,-1,862,-1,862,-1,-1,863,-1,-1,863,-1,863,863,863,3755,954,1250181,3758,957,1250182,3760,960,1250183,1100002,1,-1
9033,1,5,-1,9032,9034,1,3,864,864,864,-1,864,-1,-1,864,-1,865,-1,865,865,-1,865,-1,865,-1,-1,866,-1,-1,866,-1,866,866,866,3755,956,1250181,3758,959,1250182,3760,962,1250183,1100002,1,-1
9034,1,5,10000322,9033,9035,1,3,867,867,867,-1,867,-1,-1,867,-1,868,-1,868,868,-1,868,-1,868,-1,-1,-1,-1,-1,869,-1,-1,-1,-1,3896,958,1250181,3898,961,1250182,3901,964,1250183,1100002,1,-1
9035,1,5,10000325,9034,9036,1,3,870,870,870,-1,870,-1,-1,870,-1,871,-1,871,871,-1,871,-1,871,-1,-1,872,-1,-1,872,-1,872,872,872,3896,961,1250181,3898,964,1250182,3901,967,1250183,1100002,1,-1
9036,1,5,-1,9035,9037,1,3,873,873,873,-1,873,-1,-1,873,-1,874,-1,874,874,-1,874,-1,874,-1,-1,875,-1,-1,875,-1,875,875,875,3896,964,1250181,3898,967,1250182,3901,970,1250183,1100002,1,-1
9037,1,5,-1,9036,9038,1,3,876,876,876,-1,876,-1,-1,876,-1,877,-1,877,877,-1,877,-1,877,-1,-1,878,-1,-1,878,-1,878,878,878,3896,967,1250181,3898,970,1250182,3901,973,1250183,1100002,1,-1
9038,1,5,-1,9037,9039,1,3,879,879,879,-1,879,-1,-1,879,-1,880,-1,880,880,-1,880,-1,880,-1,-1,881,-1,-1,881,-1,881,881,881,3896,970,1250181,3898,973,1250182,3901,976,1250183,1100002,1,-1
9039,1,5,10000328,9038,9040,1,3,882,882,882,-1,882,-1,-1,882,-1,883,-1,883,883,-1,883,-1,883,-1,-1,-1,-1,-1,884,-1,-1,-1,-1,3896,973,1250181,3898,976,1250182,3901,979,1250183,1100002,1,-1
9040,1,5,10000331,9039,9041,1,3,885,885,885,-1,885,-1,-1,885,-1,886,-1,886,886,-1,886,-1,886,-1,-1,887,-1,-1,887,-1,887,887,887,4037,974,1250181,4039,977,1250182,4041,980,1250183,1100002,1,-1
9041,1,5,-1,9040,9042,1,3,888,888,888,-1,888,-1,-1,888,-1,889,-1,889,889,-1,889,-1,889,-1,-1,890,-1,-1,890,-1,890,890,890,4037,975,1250181,4039,978,1250182,4041,981,1250183,1100002,1,-1
9042,1,5,-1,9041,9043,1,3,891,891,891,-1,891,-1,-1,891,-1,892,-1,892,892,-1,892,-1,892,-1,-1,893,-1,-1,893,-1,893,893,893,4037,978,1250181,4039,981,1250182,4041,984,1250183,1100002,1,-1
9043,1,5,-1,9042,9044,1,3,894,894,894,-1,894,-1,-1,894,-1,895,-1,895,895,-1,895,-1,895,-1,-1,896,-1,-1,896,-1,896,896,896,4037,981,1250181,4039,984,1250182,4041,987,1250183,1100002,1,-1
9044,1,5,10000334,9043,9045,1,3,897,897,897,-1,897,-1,-1,897,-1,898,-1,898,898,-1,898,-1,898,-1,-1,-1,-1,-1,899,-1,-1,-1,-1,4037,984,1250181,4039,987,1250182,4041,990,1250183,1100002,1,-1
9045,1,5,10000337,9044,9046,1,3,900,900,900,-1,900,-1,-1,900,-1,901,-1,901,901,-1,901,-1,901,-1,-1,902,-1,-1,902,-1,902,902,902,4037,987,1250181,4039,990,1250182,4041,993,1250183,1100002,1,-1
9046,1,5,-1,9045,9047,1,3,903,903,903,-1,903,-1,-1,903,-1,904,-1,904,904,-1,904,-1,904,-1,-1,905,-1,-1,905,-1,905,905,905,4037,990,1250181,4039,993,1250182,4041,996,1250183,1100002,1,-1
9047,1,5,-1,9046,9048,1,3,906,906,906,-1,906,-1,-1,906,-1,907,-1,907,907,-1,907,-1,907,-1,-1,908,-1,-1,908,-1,908,908,908,4178,991,1250181,4180,994,1250182,4182,997,1250183,1100002,1,-1
9048,1,5,-1,9047,9049,1,3,909,909,909,-1,909,-1,-1,909,-1,910,-1,910,910,-1,910,-1,910,-1,-1,911,-1,-1,911,-1,911,911,911,4178,992,1250181,4180,995,1250182,4182,998,1250183,1100002,1,-1
9049,1,5,10000340,9048,9050,1,3,912,912,912,-1,912,-1,-1,912,-1,913,-1,913,913,-1,913,-1,913,-1,-1,-1,-1,-1,914,-1,-1,-1,-1,4178,993,1250181,4180,996,1250182,4182,999,1250183,1100002,1,-1
9050,1,5,10000343,9049,9051,1,3,915,915,915,-1,915,-1,-1,915,-1,916,-1,916,916,-1,916,-1,916,-1,-1,917,-1,-1,917,-1,917,917,917,4178,995,1250181,4180,998,1250182,4182,1001,1250183,1100002,1,-1
9051,1,5,-1,9050,9052,1,3,918,918,918,-1,918,-1,-1,918,-1,919,-1,919,919,-1,919,-1,919,-1,-1,920,-1,-1,920,-1,920,920,920,4178,998,1250181,4180,1001,1250182,4182,1004,1250183,1100002,1,-1
9052,1,5,-1,9051,9053,1,3,921,921,921,-1,921,-1,-1,921,-1,922,-1,922,922,-1,922,-1,922,-1,-1,923,-1,-1,923,-1,923,923,923,4178,1001,1250181,4180,1004,1250182,4182,1007,1250183,1100002,1,-1
9053,1,5,-1,9052,9054,1,3,924,924,924,-1,924,-1,-1,924,-1,925,-1,925,925,-1,925,-1,925,-1,-1,926,-1,-1,926,-1,926,926,926,4178,1004,1250181,4180,1007,1250182,4182,1010,1250183,1100002,1,-1
9054,1,5,10000346,9053,9108,1,3,927,927,927,-1,927,-1,-1,927,-1,928,-1,928,928,-1,928,-1,928,-1,-1,-1,-1,-1,929,-1,-1,-1,-1,4178,1007,1250181,4180,1010,1250182,4182,1013,1250183,1100002,1,-1
1160,1,5,-1,-1,-1,1,1,-1,-1,-1,-1,-1,-1,-1,-1,-1,-1,-1,-1,-1,-1,-1,-1,-1,-1,-1,-1,-1,-1,-1,-1,-1,-1,-1,78,2549,-1,-1,-1,-1,-1,-1,-1,1100002,1,-1
1660,1,5,-1,-1,-1,1,1,-1,-1,-1,-1,-1,-1,-1,-1,-1,-1,-1,-1,-1,-1,-1,-1,-1,-1,-1,-1,-1,-1,-1,-1,-1,-1,-1,78,1000,-1,-1,-1,-1,-1,-1,-1,1100002,1,-1
1661,1,5,-1,-1,-1,1,1,-1,-1,-1,-1,-1,-1,-1,-1,-1,-1,-1,-1,-1,-1,-1,-1,-1,-1,-1,-1,-1,-1,-1,-1,-1,-1,-1,78,1000,-1,-1,-1,-1,-1,-1,-1,1100002,1,-1
1662,1,5,-1,-1,-1,1,1,-1,-1,-1,-1,-1,-1,-1,-1,-1,-1,-1,-1,-1,-1,-1,-1,-1,-1,-1,-1,-1,-1,-1,-1,-1,-1,-1,78,1000,-1,-1,-1,-1,-1,-1,-1,1100002,1,-1
100,1,5,-1,-1,-1,1,3,1,1,1,-1,1,-1,-1,1,-1,1,-1,1,-1,2,-1,2,-1,1,1,-1,-1,1,2,3,-1,-1,3,100,500,-1,12345,54321,-1,12345,54321,-1,1100002,1,-1
101,1,5,-1,-1,-1,1,3,1,1,1,-1,1,-1,-1,1,-1,1,-1,1,-1,2,-1,2,-1,1,1,1,1,-1,3,-1,-1,-1,-1,100,500,-1,12345,54321,-1,12345,54321,-1,1100002,1,-1
102,1,5,-1,-1,-1,1,3,-1,-1,-1,1,-1,-1,-1,-1,-1,2,1,-1,-1,-1,-1,-1,-1,-1,-1,-1,-1,1,2,3,-1,3,-1,100,500,-1,12345,54321,-1,12345,54321,-1,1100002,1,-1
103,1,5,-1,-1,-1,1,3,-1,-1,-1,1,-1,-1,-1,-1,-1,2,1,-1,-1,-1,-1,-1,-1,-1,-1,-1,-1,1,2,3,-1,3,-1,100,500,-1,12345,54321,-1,12345,54321,-1,1100002,1,-1
104,2,5,-1,-1,-1,1,3,-1,-1,-1,1,-1,-1,-1,-1,-1,2,1,-1,-1,-1,-1,-1,-1,-1,-1,-1,-1,1,2,3,-1,3,-1,100,500,-1,12345,54321,-1,12345,54321,-1,1100002,1,-1
105,1,5,-1,-1,-1,1,3,-1,-1,-1,1,-1,-1,-1,-1,-1,2,1,-1,-1,-1,-1,-1,-1,-1,-1,-1,-1,1,2,3,-1,3,-1,100,500,-1,12345,54321,-1,12345,54321,-1,1100002,1,-1
106,1,5,-1,-1,-1,1,3,-1,-1,-1,1,-1,-1,-1,-1,-1,2,1,-1,-1,-1,-1,-1,-1,-1,-1,-1,-1,1,2,3,-1,3,-1,100,500,-1,12345,54321,-1,12345,54321,-1,1100002,1,-1
107,1,5,-1,-1,-1,1,3,-1,-1,-1,1,-1,-1,-1,-1,-1,2,1,-1,-1,-1,-1,-1,-1,-1,-1,-1,-1,1,2,3,-1,3,-1,100,500,-1,12345,54321,-1,12345,54321,-1,1100002,1,-1
108,1,5,-1,-1,-1,1,3,-1,-1,-1,1,-1,-1,-1,-1,-1,2,1,-1,-1,-1,-1,-1,-1,-1,-1,-1,-1,1,2,3,-1,3,-1,100,500,-1,12345,54321,-1,12345,54321,-1,1100002,1,-1
109,1,5,-1,-1,-1,1,3,-1,-1,-1,1,-1,-1,-1,-1,-1,2,1,-1,-1,-1,-1,-1,-1,-1,-1,-1,-1,1,2,3,-1,3,-1,100,500,-1,12345,54321,-1,12345,54321,-1,1100002,1,-1
110,1,5,-1,-1,-1,1,3,-1,-1,-1,1,-1,-1,-1,-1,-1,2,1,-1,-1,-1,-1,-1,-1,-1,-1,-1,-1,1,2,3,-1,3,-1,100,500,-1,12345,54321,-1,12345,54321,-1,1100002,1,-1
111,1,5,-1,-1,-1,1,3,-1,-1,-1,1,-1,-1,-1,-1,-1,2,1,-1,-1,-1,-1,-1,-1,-1,-1,-1,-1,1,2,3,-1,3,-1,100,500,-1,12345,54321,-1,12345,54321,-1,1100002,1,-1
112,1,5,-1,-1,-1,1,3,-1,-1,-1,1,-1,-1,-1,-1,-1,2,1,-1,-1,-1,-1,-1,-1,-1,-1,-1,-1,1,2,3,-1,3,-1,100,500,-1,12345,54321,-1,12345,54321,-1,1100002,1,-1
113,1,5,-1,-1,-1,1,3,-1,-1,-1,1,-1,-1,-1,-1,-1,2,1,-1,-1,-1,-1,-1,-1,-1,-1,-1,-1,1,2,3,-1,3,-1,100,500,-1,12345,54321,-1,12345,54321,-1,1100002,1,-1
114,1,5,-1,-1,-1,1,3,-1,-1,-1,1,-1,-1,-1,-1,-1,2,1,-1,-1,-1,-1,-1,-1,-1,-1,-1,-1,1,2,3,-1,3,-1,100,500,-1,12345,54321,-1,12345,54321,-1,1100002,1,-1
115,1,5,-1,-1,-1,1,3,-1,-1,-1,1,-1,-1,-1,-1,-1,2,1,-1,-1,-1,-1,-1,-1,-1,-1,-1,-1,1,2,3,-1,3,-1,100,500,-1,12345,54321,-1,12345,54321,-1,1100002,1,-1
116,2,5,-1,-1,-1,1,3,-1,-1,-1,1,-1,-1,-1,-1,-1,2,1,-1,-1,-1,-1,-1,-1,-1,-1,-1,-1,1,2,3,-1,3,-1,100,500,-1,12345,54321,-1,12345,54321,-1,1100002,1,-1
117,2,5,-1,-1,-1,1,3,-1,-1,-1,1,-1,-1,-1,-1,-1,2,1,-1,-1,-1,-1,-1,-1,-1,-1,-1,-1,1,2,3,-1,3,-1,100,500,-1,12345,54321,-1,12345,54321,-1,1100002,1,-1
118,2,5,-1,-1,-1,1,3,-1,-1,-1,1,-1,-1,-1,-1,-1,2,1,-1,-1,-1,-1,-1,-1,-1,-1,-1,-1,1,2,3,-1,3,-1,100,500,-1,12345,54321,-1,12345,54321,-1,1100002,1,-1
1100,3,10,10000000,-1,1101,1,1,-1,31,-1,-1,-1,-1,-1,-1,-1,-1,-1,-1,-1,-1,-1,-1,-1,-1,-1,-1,-1,-1,-1,-1,-1,-1,-1,1938,1780,1311000,-1,-1,-1,-1,-1,-1,1100002,1,1001
1101,3,10,-1,1100,2100,1,1,-1,-1,-1,-1,32,-1,-1,-1,-1,-1,-1,-1,-1,-1,-1,-1,-1,-1,-1,-1,-1,-1,-1,-1,-1,-1,-1,2366,1841,1311010,-1,-1,-1,-1,-1,-1,1100002,1,1002
2100,3,10,-1,1101,2101,1,1,-1,51,-1,-1,-1,-1,-1,-1,-1,-1,-1,-1,-1,-1,-1,-1,-1,-1,-1,-1,-1,-1,-1,-1,-1,-1,-1,2820,2024,1321000,-1,-1,-1,-1,-1,-1,1100002,1,1003
2101,3,10,-1,2100,2102,1,1,-1,-1,-1,-1,52,-1,-1,-1,-1,-1,-1,-1,-1,-1,-1,-1,-1,-1,-1,-1,-1,-1,-1,-1,-1,-1,-1,3428,2085,1321010,-1,-1,-1,-1,-1,-1,1100002,1,1004
2102,3,10,-1,2101,2103,1,1,-1,-1,-1,-1,53,-1,-1,-1,-1,-1,-1,-1,-1,-1,-1,-1,-1,-1,-1,-1,-1,-1,-1,-1,-1,-1,-1,3836,2146,1321020,-1,-1,-1,-1,-1,-1,1100002,1,1011
2103,3,10,-1,2102,2104,1,1,-1,-1,-1,-1,69,-1,-1,-1,-1,-1,-1,-1,-1,-1,-1,-1,-1,-1,-1,-1,-1,-1,-1,-1,-1,-1,-1,4018,3390,1321030,-1,-1,-1,-1,-1,-1,1100002,1,1012
2104,3,10,-1,2103,2105,1,1,-1,-1,-1,-1,70,-1,-1,-1,-1,-1,-1,-1,-1,-1,-1,-1,-1,-1,-1,-1,-1,-1,-1,-1,-1,-1,-1,4162,3451,1321040,-1,-1,-1,-1,-1,-1,1100002,1,1013
2105,3,10,-1,2104,3100,1,1,-1,-1,-1,-1,71,-1,-1,-1,-1,-1,-1,-1,-1,-1,-1,-1,-1,-1,-1,-1,-1,-1,-1,-1,-1,-1,-1,4306,3512,1321050,-1,-1,-1,-1,-1,-1,1100002,1,1014
3100,3,10,-1,2105,3101,1,1,-1,-1,-1,-1,307,-1,-1,-1,-1,-1,-1,-1,-1,-1,-1,-1,-1,-1,-1,-1,-1,-1,-1,-1,-1,-1,-1,4594,3634,1331000,-1,-1,-1,-1,-1,-1,1100002,1,1021
3101,3,10,-1,3100,3102,1,1,-1,-1,-1,-1,308,-1,-1,-1,-1,-1,-1,-1,-1,-1,-1,-1,-1,-1,-1,-1,-1,-1,-1,-1,-1,-1,-1,4738,3695,1331010,-1,-1,-1,-1,-1,-1,1100002,1,1022
3102,3,10,-1,3101,3103,1,1,-1,-1,-1,-1,309,-1,-1,-1,-1,-1,-1,-1,-1,-1,-1,-1,-1,-1,-1,-1,-1,-1,-1,-1,-1,-1,-1,4882,3756,1331020,-1,-1,-1,-1,-1,-1,1100002,1,1023
3103,3,10,-1,3102,3104,1,1,-1,-1,-1,-1,318,-1,-1,-1,-1,-1,-1,-1,-1,-1,-1,-1,-1,-1,-1,-1,-1,-1,-1,-1,-1,-1,-1,6458,5000,1331030,-1,-1,-1,-1,-1,-1,1100002,1,1024
3104,3,10,-1,3103,3105,1,1,-1,-1,-1,-1,319,-1,-1,-1,-1,-1,-1,-1,-1,-1,-1,-1,-1,-1,-1,-1,-1,-1,-1,-1,-1,-1,-1,6650,5061,1331040,-1,-1,-1,-1,-1,-1,1100002,1,1031
3105,3,10,-1,3104,4100,1,1,-1,-1,-1,-1,320,-1,-1,-1,-1,-1,-1,-1,-1,-1,-1,-1,-1,-1,-1,-1,-1,-1,-1,-1,-1,-1,-1,6842,5122,1331050,-1,-1,-1,-1,-1,-1,1100002,1,1032
4100,3,10,-1,3105,4101,1,1,-1,-1,-1,-1,408,-1,-1,-1,-1,-1,-1,-1,-1,-1,-1,-1,-1,-1,-1,-1,-1,-1,-1,-1,-1,-1,-1,7034,5183,1341000,-1,-1,-1,-1,-1,-1,1100002,1,1033
4101,3,10,-1,4100,4102,1,1,-1,-1,-1,-1,409,-1,-1,-1,-1,-1,-1,-1,-1,-1,-1,-1,-1,-1,-1,-1,-1,-1,-1,-1,-1,-1,-1,7034,5183,1341010,-1,-1,-1,-1,-1,-1,1100002,1,1034
4102,3,10,-1,4101,4103,1,1,-1,-1,-1,-1,410,-1,-1,-1,-1,-1,-1,-1,-1,-1,-1,-1,-1,-1,-1,-1,-1,-1,-1,-1,-1,-1,-1,7418,5305,1341020,-1,-1,-1,-1,-1,-1,1100002,1,1041
4103,3,10,-1,4102,5100,1,1,-1,-1,-1,-1,411,-1,-1,-1,-1,-1,-1,-1,-1,-1,-1,-1,-1,-1,-1,-1,-1,-1,-1,-1,-1,-1,-1,7610,5366,1341030,-1,-1,-1,-1,-1,-1,1100002,1,1042
5100,3,10,-1,4103,5101,1,1,-1,-1,-1,-1,511,-1,-1,-1,-1,-1,-1,-1,-1,-1,-1,-1,-1,-1,-1,-1,-1,-1,-1,-1,-1,-1,-1,7994,5488,1351000,-1,-1,-1,-1,-1,-1,1100002,1,1043
5101,3,10,-1,5100,5102,1,1,-1,-1,-1,-1,512,-1,-1,-1,-1,-1,-1,-1,-1,-1,-1,-1,-1,-1,-1,-1,-1,-1,-1,-1,-1,-1,-1,8186,5549,1351010,-1,-1,-1,-1,-1,-1,1100002,1,1044
5102,3,10,-1,5101,5103,1,1,-1,-1,-1,-1,513,-1,-1,-1,-1,-1,-1,-1,-1,-1,-1,-1,-1,-1,-1,-1,-1,-1,-1,-1,-1,-1,-1,9378,6610,1351020,-1,-1,-1,-1,-1,-1,1100002,1,1051
5103,3,10,-1,5102,6100,1,1,-1,-1,-1,-1,514,-1,-1,-1,-1,-1,-1,-1,-1,-1,-1,-1,-1,-1,-1,-1,-1,-1,-1,-1,-1,-1,-1,9634,6671,1351030,-1,-1,-1,-1,-1,-1,1100002,1,1052
6100,3,10,-1,5103,6101,1,1,-1,-1,-1,-1,930,-1,-1,-1,-1,-1,-1,-1,-1,-1,-1,-1,-1,-1,-1,-1,-1,-1,-1,-1,-1,-1,-1,9890,6732,1361000,-1,-1,-1,-1,-1,-1,1100002,1,1053
6101,3,10,-1,6100,6102,1,1,-1,-1,-1,-1,931,-1,-1,-1,-1,-1,-1,-1,-1,-1,-1,-1,-1,-1,-1,-1,-1,-1,-1,-1,-1,-1,-1,9146,6793,1361010,-1,-1,-1,-1,-1,-1,1100002,1,1054
6102,3,10,-1,6101,6103,1,1,-1,-1,-1,-1,932,-1,-1,-1,-1,-1,-1,-1,-1,-1,-1,-1,-1,-1,-1,-1,-1,-1,-1,-1,-1,-1,-1,10146,6793,1361020,-1,-1,-1,-1,-1,-1,1100002,1,1061
6103,3,10,-1,6102,6104,1,1,-1,-1,-1,-1,933,-1,-1,-1,-1,-1,-1,-1,-1,-1,-1,-1,-1,-1,-1,-1,-1,-1,-1,-1,-1,-1,-1,10402,6854,1361030,-1,-1,-1,-1,-1,-1,1100002,1,1062
6104,3,10,-1,6103,6105,1,1,-1,-1,-1,-1,934,-1,-1,-1,-1,-1,-1,-1,-1,-1,-1,-1,-1,-1,-1,-1,-1,-1,-1,-1,-1,-1,-1,10402,6854,1361040,-1,-1,-1,-1,-1,-1,1100002,1,1063
6105,3,10,-1,6104,6106,1,1,-1,-1,-1,-1,935,-1,-1,-1,-1,-1,-1,-1,-1,-1,-1,-1,-1,-1,-1,-1,-1,-1,-1,-1,-1,-1,-1,10658,6915,1361050,-1,-1,-1,-1,-1,-1,1100002,1,1064
6106,3,10,-1,6105,6107,1,1,-1,-1,-1,-1,936,-1,-1,-1,-1,-1,-1,-1,-1,-1,-1,-1,-1,-1,-1,-1,-1,-1,-1,-1,-1,-1,-1,10914,6976,1361060,-1,-1,-1,-1,-1,-1,1100002,1,1071
6107,3,10,-1,6106,7100,1,1,-1,-1,-1,-1,937,-1,-1,-1,-1,-1,-1,-1,-1,-1,-1,-1,-1,-1,-1,-1,-1,-1,-1,-1,-1,-1,-1,11170,7037,1361070,-1,-1,-1,-1,-1,-1,1100002,1,1072
7100,3,10,-1,6107,7101,1,1,-1,-1,-1,-1,938,-1,-1,-1,-1,-1,-1,-1,-1,-1,-1,-1,-1,-1,-1,-1,-1,-1,-1,-1,-1,-1,-1,11426,7098,1371000,-1,-1,-1,-1,-1,-1,1100002,1,1073
7101,3,10,-1,7100,7102,1,1,-1,-1,-1,-1,939,-1,-1,-1,-1,-1,-1,-1,-1,-1,-1,-1,-1,-1,-1,-1,-1,-1,-1,-1,-1,-1,-1,11682,7159,1371010,-1,-1,-1,-1,-1,-1,1100002,1,1074
7102,3,10,-1,7101,7103,1,1,-1,-1,-1,-1,940,-1,-1,-1,-1,-1,-1,-1,-1,-1,-1,-1,-1,-1,-1,-1,-1,-1,-1,-1,-1,-1,-1,11938,7220,1371020,-1,-1,-1,-1,-1,-1,1100002,1,1081
7103,3,10,-1,7102,7104,1,1,-1,-1,-1,-1,941,-1,-1,-1,-1,-1,-1,-1,-1,-1,-1,-1,-1,-1,-1,-1,-1,-1,-1,-1,-1,-1,-1,12322,7281,1371030,-1,-1,-1,-1,-1,-1,1100002,1,1082
7104,3,10,-1,7103,8100,1,1,-1,-1,-1,-1,942,-1,-1,-1,-1,-1,-1,-1,-1,-1,-1,-1,-1,-1,-1,-1,-1,-1,-1,-1,-1,-1,-1,12706,7342,1371040,-1,-1,-1,-1,-1,-1,1100002,1,1083
8100,3,10,-1,7104,8101,1,1,-1,-1,-1,-1,943,-1,-1,-1,-1,-1,-1,-1,-1,-1,-1,-1,-1,-1,-1,-1,-1,-1,-1,-1,-1,-1,-1,12322,7281,1381000,-1,-1,-1,-1,-1,-1,1100002,1,1084
8101,3,10,-1,8100,8102,1,1,-1,-1,-1,-1,944,-1,-1,-1,-1,-1,-1,-1,-1,-1,-1,-1,-1,-1,-1,-1,-1,-1,-1,-1,-1,-1,-1,12706,7342,1381010,-1,-1,-1,-1,-1,-1,1100002,1,1091
8102,3,10,-1,8101,8103,1,1,-1,-1,-1,-1,945,-1,-1,-1,-1,-1,-1,-1,-1,-1,-1,-1,-1,-1,-1,-1,-1,-1,-1,-1,-1,-1,-1,13090,7403,1381020,-1,-1,-1,-1,-1,-1,1100002,1,1092
8103,3,10,-1,8102,8104,1,1,-1,-1,-1,-1,946,-1,-1,-1,-1,-1,-1,-1,-1,-1,-1,-1,-1,-1,-1,-1,-1,-1,-1,-1,-1,-1,-1,13474,7464,1381030,-1,-1,-1,-1,-1,-1,1100002,1,1093
8104,3,10,-1,8103,9100,1,1,-1,-1,-1,-1,947,-1,-1,-1,-1,-1,-1,-1,-1,-1,-1,-1,-1,-1,-1,-1,-1,-1,-1,-1,-1,-1,-1,13858,7525,1381040,-1,-1,-1,-1,-1,-1,1100002,1,1094
9100,3,10,-1,8104,9101,1,1,-1,-1,-1,-1,948,-1,-1,-1,-1,-1,-1,-1,-1,-1,-1,-1,-1,-1,-1,-1,-1,-1,-1,-1,-1,-1,-1,15474,9464,1391000,-1,-1,-1,-1,-1,-1,1100002,1,1101
9101,3,10,-1,9100,9102,1,1,-1,-1,-1,-1,949,-1,-1,-1,-1,-1,-1,-1,-1,-1,-1,-1,-1,-1,-1,-1,-1,-1,-1,-1,-1,-1,-1,15858,9525,1391010,-1,-1,-1,-1,-1,-1,1100002,1,1102
9102,3,10,-1,9101,9103,1,1,-1,-1,-1,-1,950,-1,-1,-1,-1,-1,-1,-1,-1,-1,-1,-1,-1,-1,-1,-1,-1,-1,-1,-1,-1,-1,-1,16242,9586,1391020,-1,-1,-1,-1,-1,-1,1100002,1,1103
9103,3,10,-1,9102,9104,1,1,-1,-1,-1,-1,951,-1,-1,-1,-1,-1,-1,-1,-1,-1,-1,-1,-1,-1,-1,-1,-1,-1,-1,-1,-1,-1,-1,16626,9647,1391030,-1,-1,-1,-1,-1,-1,1100002,1,1104
9104,3,10,-1,9103,9105,1,1,-1,-1,-1,-1,952,-1,-1,-1,-1,-1,-1,-1,-1,-1,-1,-1,-1,-1,-1,-1,-1,-1,-1,-1,-1,-1,-1,17010,9708,1391040,-1,-1,-1,-1,-1,-1,1100002,1,1111
9105,3,10,-1,9104,9106,1,1,-1,-1,-1,-1,953,-1,-1,-1,-1,-1,-1,-1,-1,-1,-1,-1,-1,-1,-1,-1,-1,-1,-1,-1,-1,-1,-1,18010,10708,1391050,-1,-1,-1,-1,-1,-1,1100002,1,1112
9106,3,10,-1,9105,9107,1,1,-1,-1,-1,-1,954,-1,-1,-1,-1,-1,-1,-1,-1,-1,-1,-1,-1,-1,-1,-1,-1,-1,-1,-1,-1,-1,-1,18394,10769,1391060,-1,-1,-1,-1,-1,-1,1100002,1,1113
9107,3,10,-1,9106,9108,1,1,-1,-1,-1,-1,955,-1,-1,-1,-1,-1,-1,-1,-1,-1,-1,-1,-1,-1,-1,-1,-1,-1,-1,-1,-1,-1,-1,18778,10830,1391070,-1,-1,-1,-1,-1,-1,1100002,1,1114
9108,3,10,-1,9107,9109,1,1,-1,-1,-1,-1,956,-1,-1,-1,-1,-1,-1,-1,-1,-1,-1,-1,-1,-1,-1,-1,-1,-1,-1,-1,-1,-1,-1,19778,11830,1391080,-1,-1,-1,-1,-1,-1,1100002,1,1121
9109,3,10,-1,9108,9110,1,1,-1,-1,-1,-1,957,-1,-1,-1,-1,-1,-1,-1,-1,-1,-1,-1,-1,-1,-1,-1,-1,-1,-1,-1,-1,-1,-1,19778,11830,1391090,-1,-1,-1,-1,-1,-1,1100002,1,1122
9110,3,10,-1,9109,-1,1,1,-1,-1,-1,-1,958,-1,-1,-1,-1,-1,-1,-1,-1,-1,-1,-1,-1,-1,-1,-1,-1,-1,-1,-1,-1,-1,-1,19778,11830,1391100,-1,-1,-1,-1,-1,-1,1100002,1,1123
10011,4,0,-1,-1,10012,15,1,-1,60000,-1,60001,60000,60000,-1,60001,-1,-1,-1,-1,-1,-1,-1,-1,-1,-1,-1,-1,-1,-1,-1,-1,-1,-1,-1,1938,1780,3110011,-1,-1,-1,-1,-1,-1,1100002,1,-1
10012,4,0,-1,-1,10013,15,1,-1,60002,-1,60002,60003,60003,-1,60003,-1,-1,-1,-1,-1,-1,-1,-1,-1,-1,-1,-1,-1,-1,-1,-1,-1,-1,-1,2326,2136,3110012,-1,-1,-1,-1,-1,-1,1100002,1,-1
10013,4,0,-1,-1,10021,15,1,60004,60004,60004,-1,60005,-1,-1,60005,-1,-1,-1,-1,-1,-1,-1,-1,-1,-1,-1,-1,-1,-1,-1,-1,-1,-1,-1,2791,2563,3110013,-1,-1,-1,-1,-1,-1,1100002,1,-1
10021,4,0,-1,-1,10022,15,1,60006,-1,-1,60006,60007,60007,-1,-1,60006,-1,-1,-1,-1,-1,-1,-1,-1,-1,-1,-1,-1,-1,-1,-1,-1,-1,-1,3349,3076,3110021,-1,-1,-1,-1,-1,-1,1100002,1,-1
10022,4,0,-1,-1,10023,15,1,60009,-1,60008,-1,60008,-1,60009,-1,60009,-1,-1,-1,-1,-1,-1,-1,-1,-1,-1,-1,-1,-1,-1,-1,-1,-1,-1,4019,3691,3110022,-1,-1,-1,-1,-1,-1,1100002,1,-1
10023,4,0,-1,-1,10031,15,1,60010,-1,60010,60010,-1,60011,-1,60011,-1,-1,-1,-1,-1,-1,-1,-1,-1,-1,-1,-1,-1,-1,-1,-1,-1,-1,-1,4823,4429,3110023,-1,-1,-1,-1,-1,-1,1100002,1,-1
10031,4,0,-1,-1,10032,15,1,60012,60012,60012,-1,60013,-1,-1,60013,-1,-1,-1,-1,-1,-1,-1,-1,-1,-1,-1,-1,-1,-1,-1,-1,-1,-1,-1,5788,5315,3110031,-1,-1,-1,-1,-1,-1,1100002,1,-1
10032,4,0,-1,-1,10033,15,1,-1,60014,-1,60014,-1,60014,60015,-1,60015,-1,-1,-1,-1,-1,-1,-1,-1,-1,-1,-1,-1,-1,-1,-1,-1,-1,-1,6946,6378,3110032,-1,-1,-1,-1,-1,-1,1100002,1,-1
10033,4,0,-1,-1,10041,15,1,60017,60017,60017,60016,-1,-1,60016,-1,-1,-1,-1,-1,-1,-1,-1,-1,-1,-1,-1,-1,-1,-1,-1,-1,-1,-1,-1,8335,7654,3110033,-1,-1,-1,-1,-1,-1,1100002,1,-1
10041,4,0,-1,-1,10042,15,1,60018,-1,-1,60018,60018,-1,-1,60019,60019,-1,-1,-1,-1,-1,-1,-1,-1,-1,-1,-1,-1,-1,-1,-1,-1,-1,-1,10002,9185,3110041,-1,-1,-1,-1,-1,-1,1100002,1,-1
10042,4,0,-1,-1,10043,15,1,-1,60020,-1,60020,60020,60021,-1,60021,-1,-1,-1,-1,-1,-1,-1,-1,-1,-1,-1,-1,-1,-1,-1,-1,-1,-1,-1,12002,11022,3110042,-1,-1,-1,-1,-1,-1,1100002,1,-1
10043,4,0,-1,-1,10051,15,1,60022,-1,60022,60023,-1,60023,-1,-1,60023,-1,-1,-1,-1,-1,-1,-1,-1,-1,-1,-1,-1,-1,-1,-1,-1,-1,-1,14402,13226,3110043,-1,-1,-1,-1,-1,-1,1100002,1,-1
10051,4,0,-1,-1,10052,15,1,-1,60024,-1,60024,60024,60025,-1,60025,-1,-1,-1,-1,-1,-1,-1,-1,-1,-1,-1,-1,-1,-1,-1,-1,-1,-1,-1,17282,15871,3110051,-1,-1,-1,-1,-1,-1,1100002,1,-1
10052,4,0,-1,-1,10053,15,1,-1,60026,-1,60026,60026,60027,-1,60027,-1,-1,-1,-1,-1,-1,-1,-1,-1,-1,-1,-1,-1,-1,-1,-1,-1,-1,-1,20738,19045,3110052,-1,-1,-1,-1,-1,-1,1100002,1,-1
10053,4,0,-1,-1,10061,15,1,60028,60029,60029,-1,60028,-1,-1,60028,-1,-1,-1,-1,-1,-1,-1,-1,-1,-1,-1,-1,-1,-1,-1,-1,-1,-1,-1,24886,22854,3110053,-1,-1,-1,-1,-1,-1,1100002,1,-1
10061,4,0,-1,-1,10062,15,1,60030,-1,-1,60031,60031,60031,-1,-1,60030,-1,-1,-1,-1,-1,-1,-1,-1,-1,-1,-1,-1,-1,-1,-1,-1,-1,-1,29863,27425,3110061,-1,-1,-1,-1,-1,-1,1100002,1,-1
10062,4,0,-1,-1,10063,15,1,60032,-1,60032,-1,60033,-1,60033,-1,60032,-1,-1,-1,-1,-1,-1,-1,-1,-1,-1,-1,-1,-1,-1,-1,-1,-1,-1,35836,32910,3110062,-1,-1,-1,-1,-1,-1,1100002,1,-1
10063,4,0,-1,-1,10071,15,1,-1,60034,-1,60035,60035,60034,-1,60034,-1,-1,-1,-1,-1,-1,-1,-1,-1,-1,-1,-1,-1,-1,-1,-1,-1,-1,-1,43003,39492,3110063,-1,-1,-1,-1,-1,-1,1100002,1,-1
10071,4,0,-1,-1,10072,15,1,60036,-1,60037,60037,-1,60037,-1,60036,-1,-1,-1,-1,-1,-1,-1,-1,-1,-1,-1,-1,-1,-1,-1,-1,-1,-1,-1,51604,47390,3110071,-1,-1,-1,-1,-1,-1,1100002,1,-1
10072,4,0,-1,-1,10073,15,1,60038,60039,60039,-1,60038,-1,-1,60038,-1,-1,-1,-1,-1,-1,-1,-1,-1,-1,-1,-1,-1,-1,-1,-1,-1,-1,-1,61925,56868,3110072,-1,-1,-1,-1,-1,-1,1100002,1,-1
10073,4,0,-1,-1,10081,15,1,-1,60040,-1,60040,-1,60040,60041,-1,60041,-1,-1,-1,-1,-1,-1,-1,-1,-1,-1,-1,-1,-1,-1,-1,-1,-1,-1,74310,68242,3110073,-1,-1,-1,-1,-1,-1,1100002,1,-1
10081,4,0,-1,-1,10082,15,1,60042,60042,60042,60043,-1,-1,60043,-1,-1,-1,-1,-1,-1,-1,-1,-1,-1,-1,-1,-1,-1,-1,-1,-1,-1,-1,-1,89172,81890,3110081,-1,-1,-1,-1,-1,-1,1100002,1,-1
10082,4,0,-1,-1,10083,15,1,60044,-1,-1,60045,60044,-1,-1,60045,60044,-1,-1,-1,-1,-1,-1,-1,-1,-1,-1,-1,-1,-1,-1,-1,-1,-1,-1,107006,98268,3110082,-1,-1,-1,-1,-1,-1,1100002,1,-1
10083,4,0,-1,-1,10091,15,1,-1,60046,-1,60046,60046,60047,-1,60047,-1,-1,-1,-1,-1,-1,-1,-1,-1,-1,-1,-1,-1,-1,-1,-1,-1,-1,-1,128407,117922,3110083,-1,-1,-1,-1,-1,-1,1100002,1,-1
10091,4,0,-1,-1,10092,15,1,60048,-1,60048,60048,-1,60049,-1,-1,60049,-1,-1,-1,-1,-1,-1,-1,-1,-1,-1,-1,-1,-1,-1,-1,-1,-1,-1,154088,141506,3110091,-1,-1,-1,-1,-1,-1,1100002,1,-1
10092,4,0,-1,-1,10093,15,1,-1,60050,-1,60051,60051,60051,-1,60050,-1,-1,-1,-1,-1,-1,-1,-1,-1,-1,-1,-1,-1,-1,-1,-1,-1,-1,-1,184906,169807,3110092,-1,-1,-1,-1,-1,-1,1100002,1,-1
10093,4,0,-1,-1,10101,15,1,-1,60052,-1,60053,60053,60053,-1,60052,-1,-1,-1,-1,-1,-1,-1,-1,-1,-1,-1,-1,-1,-1,-1,-1,-1,-1,-1,221887,203768,3110093,-1,-1,-1,-1,-1,-1,1100002,1,-1
10101,4,0,-1,-1,10102,15,1,-1,60054,-1,60055,60055,60055,-1,60054,-1,-1,-1,-1,-1,-1,-1,-1,-1,-1,-1,-1,-1,-1,-1,-1,-1,-1,-1,266264,244522,3110101,-1,-1,-1,-1,-1,-1,1100002,1,-1
10102,4,0,-1,-1,10103,15,1,-1,60056,-1,60057,60057,60057,-1,60056,-1,-1,-1,-1,-1,-1,-1,-1,-1,-1,-1,-1,-1,-1,-1,-1,-1,-1,-1,319517,293426,3110102,-1,-1,-1,-1,-1,-1,1100002,1,-1
10103,4,0,-1,-1,10111,15,1,-1,60058,-1,60059,60059,60059,-1,60058,-1,-1,-1,-1,-1,-1,-1,-1,-1,-1,-1,-1,-1,-1,-1,-1,-1,-1,-1,383420,352111,3110103,-1,-1,-1,-1,-1,-1,1100002,1,-1
20011,4,0,-1,-1,10012,15,1,-1,61000,-1,61001,61000,61000,-1,61001,-1,-1,-1,-1,-1,-1,-1,-1,-1,-1,-1,-1,-1,-1,-1,-1,-1,-1,-1,1938,1780,3220011,-1,-1,-1,-1,-1,-1,1100002,1,-1
20012,4,0,-1,-1,10013,15,1,-1,61002,-1,61002,61003,61003,-1,61003,-1,-1,-1,-1,-1,-1,-1,-1,-1,-1,-1,-1,-1,-1,-1,-1,-1,-1,-1,2326,2136,3220012,-1,-1,-1,-1,-1,-1,1100002,1,-1
20013,4,0,-1,-1,10021,15,1,61004,61004,61004,-1,61005,-1,-1,61005,-1,-1,-1,-1,-1,-1,-1,-1,-1,-1,-1,-1,-1,-1,-1,-1,-1,-1,-1,2791,2563,3220013,-1,-1,-1,-1,-1,-1,1100002,1,-1
20021,4,0,-1,-1,10022,15,1,61006,-1,-1,61006,61007,61007,-1,-1,61006,-1,-1,-1,-1,-1,-1,-1,-1,-1,-1,-1,-1,-1,-1,-1,-1,-1,-1,3349,3076,3220021,-1,-1,-1,-1,-1,-1,1100002,1,-1
20022,4,0,-1,-1,10023,15,1,61009,-1,61008,-1,61008,-1,61009,-1,61009,-1,-1,-1,-1,-1,-1,-1,-1,-1,-1,-1,-1,-1,-1,-1,-1,-1,-1,4019,3691,3220022,-1,-1,-1,-1,-1,-1,1100002,1,-1
20023,4,0,-1,-1,10031,15,1,61010,-1,61010,61010,-1,61011,-1,61011,-1,-1,-1,-1,-1,-1,-1,-1,-1,-1,-1,-1,-1,-1,-1,-1,-1,-1,-1,4823,4429,3220023,-1,-1,-1,-1,-1,-1,1100002,1,-1
20031,4,0,-1,-1,10032,15,1,61012,61012,61012,-1,61013,-1,-1,61013,-1,-1,-1,-1,-1,-1,-1,-1,-1,-1,-1,-1,-1,-1,-1,-1,-1,-1,-1,5788,5315,3220031,-1,-1,-1,-1,-1,-1,1100002,1,-1
20032,4,0,-1,-1,10033,15,1,-1,61014,-1,61014,-1,61014,61015,-1,61015,-1,-1,-1,-1,-1,-1,-1,-1,-1,-1,-1,-1,-1,-1,-1,-1,-1,-1,6946,6378,3220032,-1,-1,-1,-1,-1,-1,1100002,1,-1
20033,4,0,-1,-1,10041,15,1,61017,61017,61017,61016,-1,-1,61016,-1,-1,-1,-1,-1,-1,-1,-1,-1,-1,-1,-1,-1,-1,-1,-1,-1,-1,-1,-1,8335,7654,3220033,-1,-1,-1,-1,-1,-1,1100002,1,-1
20041,4,0,-1,-1,10042,15,1,61018,-1,-1,61018,61018,-1,-1,61019,61019,-1,-1,-1,-1,-1,-1,-1,-1,-1,-1,-1,-1,-1,-1,-1,-1,-1,-1,10002,9185,3220041,-1,-1,-1,-1,-1,-1,1100002,1,-1
20042,4,0,-1,-1,10043,15,1,-1,61020,-1,61020,61020,61021,-1,61021,-1,-1,-1,-1,-1,-1,-1,-1,-1,-1,-1,-1,-1,-1,-1,-1,-1,-1,-1,12002,11022,3220042,-1,-1,-1,-1,-1,-1,1100002,1,-1
20043,4,0,-1,-1,10051,15,1,61022,-1,61022,61023,-1,61023,-1,-1,61023,-1,-1,-1,-1,-1,-1,-1,-1,-1,-1,-1,-1,-1,-1,-1,-1,-1,-1,14402,13226,3220043,-1,-1,-1,-1,-1,-1,1100002,1,-1
20051,4,0,-1,-1,10052,15,1,-1,61024,-1,61024,61024,61025,-1,61025,-1,-1,-1,-1,-1,-1,-1,-1,-1,-1,-1,-1,-1,-1,-1,-1,-1,-1,-1,17282,15871,3220051,-1,-1,-1,-1,-1,-1,1100002,1,-1
20052,4,0,-1,-1,10053,15,1,-1,61026,-1,61026,61026,61027,-1,61027,-1,-1,-1,-1,-1,-1,-1,-1,-1,-1,-1,-1,-1,-1,-1,-1,-1,-1,-1,20738,19045,3220052,-1,-1,-1,-1,-1,-1,1100002,1,-1
20053,4,0,-1,-1,10061,15,1,61028,61029,61029,-1,61028,-1,-1,61028,-1,-1,-1,-1,-1,-1,-1,-1,-1,-1,-1,-1,-1,-1,-1,-1,-1,-1,-1,24886,22854,3220053,-1,-1,-1,-1,-1,-1,1100002,1,-1
20061,4,0,-1,-1,10062,15,1,61030,-1,-1,61031,61031,61031,-1,-1,61030,-1,-1,-1,-1,-1,-1,-1,-1,-1,-1,-1,-1,-1,-1,-1,-1,-1,-1,29863,27425,3220061,-1,-1,-1,-1,-1,-1,1100002,1,-1
20062,4,0,-1,-1,10063,15,1,61032,-1,61032,-1,61033,-1,61033,-1,61032,-1,-1,-1,-1,-1,-1,-1,-1,-1,-1,-1,-1,-1,-1,-1,-1,-1,-1,35836,32910,3220062,-1,-1,-1,-1,-1,-1,1100002,1,-1
20063,4,0,-1,-1,10071,15,1,-1,61034,-1,61035,61035,61034,-1,61034,-1,-1,-1,-1,-1,-1,-1,-1,-1,-1,-1,-1,-1,-1,-1,-1,-1,-1,-1,43003,39492,3220063,-1,-1,-1,-1,-1,-1,1100002,1,-1
20071,4,0,-1,-1,10072,15,1,61036,-1,61037,61037,-1,61037,-1,61036,-1,-1,-1,-1,-1,-1,-1,-1,-1,-1,-1,-1,-1,-1,-1,-1,-1,-1,-1,51604,47390,3220071,-1,-1,-1,-1,-1,-1,1100002,1,-1
20072,4,0,-1,-1,10073,15,1,61038,61039,61039,-1,61038,-1,-1,61038,-1,-1,-1,-1,-1,-1,-1,-1,-1,-1,-1,-1,-1,-1,-1,-1,-1,-1,-1,61925,56868,3220072,-1,-1,-1,-1,-1,-1,1100002,1,-1
20073,4,0,-1,-1,10081,15,1,-1,61040,-1,61040,-1,61040,61041,-1,61041,-1,-1,-1,-1,-1,-1,-1,-1,-1,-1,-1,-1,-1,-1,-1,-1,-1,-1,74310,68242,3220073,-1,-1,-1,-1,-1,-1,1100002,1,-1
20081,4,0,-1,-1,10082,15,1,61042,61042,61042,61043,-1,-1,61043,-1,-1,-1,-1,-1,-1,-1,-1,-1,-1,-1,-1,-1,-1,-1,-1,-1,-1,-1,-1,89172,81890,3220081,-1,-1,-1,-1,-1,-1,1100002,1,-1
20082,4,0,-1,-1,10083,15,1,61044,-1,-1,61045,61044,-1,-1,61045,61044,-1,-1,-1,-1,-1,-1,-1,-1,-1,-1,-1,-1,-1,-1,-1,-1,-1,-1,107006,98268,3220082,-1,-1,-1,-1,-1,-1,1100002,1,-1
20083,4,0,-1,-1,10091,15,1,-1,61046,-1,61046,61046,61047,-1,61047,-1,-1,-1,-1,-1,-1,-1,-1,-1,-1,-1,-1,-1,-1,-1,-1,-1,-1,-1,128407,117922,3220083,-1,-1,-1,-1,-1,-1,1100002,1,-1
20091,4,0,-1,-1,10092,15,1,61048,-1,61048,61048,-1,61049,-1,-1,61049,-1,-1,-1,-1,-1,-1,-1,-1,-1,-1,-1,-1,-1,-1,-1,-1,-1,-1,154088,141506,3220091,-1,-1,-1,-1,-1,-1,1100002,1,-1
20092,4,0,-1,-1,10093,15,1,-1,61050,-1,61051,61051,61051,-1,61050,-1,-1,-1,-1,-1,-1,-1,-1,-1,-1,-1,-1,-1,-1,-1,-1,-1,-1,-1,184906,169807,3220092,-1,-1,-1,-1,-1,-1,1100002,1,-1
20093,4,0,-1,-1,10101,15,1,-1,61052,-1,61053,61053,61053,-1,61052,-1,-1,-1,-1,-1,-1,-1,-1,-1,-1,-1,-1,-1,-1,-1,-1,-1,-1,-1,221887,203768,3220093,-1,-1,-1,-1,-1,-1,1100002,1,-1
20101,4,0,-1,-1,10102,15,1,-1,61054,-1,61055,61055,61055,-1,61054,-1,-1,-1,-1,-1,-1,-1,-1,-1,-1,-1,-1,-1,-1,-1,-1,-1,-1,-1,266264,244522,3220101,-1,-1,-1,-1,-1,-1,1100002,1,-1
20102,4,0,-1,-1,10103,15,1,-1,61056,-1,61057,61057,61057,-1,61056,-1,-1,-1,-1,-1,-1,-1,-1,-1,-1,-1,-1,-1,-1,-1,-1,-1,-1,-1,319517,293426,3220102,-1,-1,-1,-1,-1,-1,1100002,1,-1
20103,4,0,-1,-1,10111,15,1,-1,61058,-1,61059,61059,61059,-1,61058,-1,-1,-1,-1,-1,-1,-1,-1,-1,-1,-1,-1,-1,-1,-1,-1,-1,-1,-1,383420,352111,3220103,-1,-1,-1,-1,-1,-1,1100002,1,-1
30001,1,0,-1,-1,10111,15,1,-1,-1,-1,-1,70001,-1,-1,-1,-1,-1,-1,-1,-1,70002,-1,-1,-1,-1,-1,-1,-1,-1,70003,-1,-1,-1,-1,1938,1780,1311000,-1,-1,-1,-1,-1,-1,1100002,1,-1
30002,1,0,-1,-1,10111,15,1,-1,-1,-1,-1,70004,-1,-1,-1,-1,-1,-1,-1,-1,70005,-1,-1,-1,-1,-1,-1,-1,-1,70006,-1,-1,-1,-1,1938,1780,1311000,-1,-1,-1,-1,-1,-1,1100002,1,-1
30003,1,0,-1,-1,10111,15,1,-1,-1,-1,-1,70007,-1,-1,-1,-1,-1,-1,-1,-1,70008,-1,-1,-1,-1,-1,-1,-1,-1,70009,-1,-1,-1,-1,1938,1780,1311000,-1,-1,-1,-1,-1,-1,1100002,1,-1
30004,1,0,-1,-1,10111,15,1,-1,-1,-1,-1,70010,-1,-1,-1,-1,-1,-1,-1,-1,70011,-1,-1,-1,-1,-1,-1,-1,-1,70012,-1,-1,-1,-1,1938,1780,1311000,-1,-1,-1,-1,-1,-1,1100002,1,-1
30005,1,0,-1,-1,10111,15,1,-1,-1,-1,-1,70013,-1,-1,-1,-1,-1,-1,-1,-1,70014,-1,-1,-1,-1,-1,-1,-1,-1,70015,-1,-1,-1,-1,1938,1780,1311000,-1,-1,-1,-1,-1,-1,1100002,1,-1
30006,1,0,-1,-1,10111,15,1,-1,-1,-1,-1,70016,-1,-1,-1,-1,-1,-1,-1,-1,70017,-1,-1,-1,-1,-1,-1,-1,-1,70018,-1,-1,-1,-1,1938,1780,1311000,-1,-1,-1,-1,-1,-1,1100002,1,-1
30007,1,0,-1,-1,10111,15,1,-1,-1,-1,-1,70019,-1,-1,-1,-1,-1,-1,-1,-1,70020,-1,-1,-1,-1,-1,-1,-1,-1,70021,-1,-1,-1,-1,1938,1780,1311000,-1,-1,-1,-1,-1,-1,1100002,1,-1
30008,1,0,-1,-1,10111,15,1,-1,-1,-1,-1,70022,-1,-1,-1,-1,-1,-1,-1,-1,70023,-1,-1,-1,-1,-1,-1,-1,-1,70024,-1,-1,-1,-1,1938,1780,1311000,-1,-1,-1,-1,-1,-1,1100002,1,-1
30009,1,0,-1,-1,10111,15,1,-1,-1,-1,-1,70025,-1,-1,-1,-1,-1,-1,-1,-1,70026,-1,-1,-1,-1,-1,-1,-1,-1,70027,-1,-1,-1,-1,1938,1780,1311000,-1,-1,-1,-1,-1,-1,1100002,1,-1
30010,1,0,-1,-1,10111,15,1,-1,-1,-1,-1,70028,-1,-1,-1,-1,-1,-1,-1,-1,70029,-1,-1,-1,-1,-1,-1,-1,-1,70030,-1,-1,-1,-1,1938,1780,1311000,-1,-1,-1,-1,-1,-1,1100002,1,-1
30011,1,0,-1,-1,10111,15,1,-1,-1,-1,-1,70031,-1,-1,-1,-1,-1,-1,-1,-1,70032,-1,-1,-1,-1,-1,-1,-1,-1,70033,-1,-1,-1,-1,1938,1780,1311000,-1,-1,-1,-1,-1,-1,1100002,1,-1
30012,1,0,-1,-1,10111,15,1,-1,-1,-1,-1,70034,-1,-1,-1,-1,-1,-1,-1,-1,70035,-1,-1,-1,-1,-1,-1,-1,-1,70036,-1,-1,-1,-1,1938,1780,1311000,-1,-1,-1,-1,-1,-1,1100002,1,-1
30013,1,0,-1,-1,10111,15,1,-1,-1,-1,-1,70037,-1,-1,-1,-1,-1,-1,-1,-1,70038,-1,-1,-1,-1,-1,-1,-1,-1,70039,-1,-1,-1,-1,1938,1780,1311000,-1,-1,-1,-1,-1,-1,1100002,1,-1
30014,1,0,-1,-1,10111,15,1,-1,-1,-1,-1,70040,-1,-1,-1,-1,-1,-1,-1,-1,70041,-1,-1,-1,-1,-1,-1,-1,-1,70042,-1,-1,-1,-1,1938,1780,1311000,-1,-1,-1,-1,-1,-1,1100002,1,-1
30015,1,0,-1,-1,10111,15,1,-1,-1,-1,-1,70043,-1,-1,-1,-1,-1,-1,-1,-1,70044,-1,-1,-1,-1,-1,-1,-1,-1,70045,-1,-1,-1,-1,1938,1780,1311000,-1,-1,-1,-1,-1,-1,1100002,1,-1
30016,1,0,-1,-1,10111,15,1,-1,-1,-1,-1,70046,-1,-1,-1,-1,-1,-1,-1,-1,70047,-1,-1,-1,-1,-1,-1,-1,-1,70048,-1,-1,-1,-1,1938,1780,1311000,-1,-1,-1,-1,-1,-1,1100002,1,-1
40001,1,10,10000028,-1,-1,1,1,-1,-1,-1,-1,80001,-1,-1,-1,-1,-1,-1,-1,-1,-1,-1,-1,-1,-1,-1,-1,-1,-1,-1,-1,-1,-1,-1,778,662,-1,-1,-1,-1,-1,-1,-1,-1,1,-1
40011,1,10,10000028,-1,-1,1,1,-1,-1,-1,-1,80011,-1,-1,-1,-1,-1,-1,-1,-1,-1,-1,-1,-1,-1,-1,-1,-1,-1,-1,-1,-1,-1,-1,1370,1024,-1,-1,-1,-1,-1,-1,-1,-1,1,-1
40021,1,10,10000028,-1,-1,1,1,-1,-1,-1,-1,80021,-1,-1,-1,-1,-1,-1,-1,-1,-1,-1,-1,-1,-1,-1,-1,-1,-1,-1,-1,-1,-1,-1,1982,1268,-1,-1,-1,-1,-1,-1,-1,-1,1,-1
40031,1,10,10000028,-1,-1,1,1,-1,-1,-1,-1,80031,-1,-1,-1,-1,-1,-1,-1,-1,-1,-1,-1,-1,-1,-1,-1,-1,-1,-1,-1,-1,-1,-1,2595,1473,-1,-1,-1,-1,-1,-1,-1,-1,1,-1
40041,1,10,10000028,-1,-1,1,1,-1,-1,-1,-1,80041,-1,-1,-1,-1,-1,-1,-1,-1,-1,-1,-1,-1,-1,-1,-1,-1,-1,-1,-1,-1,-1,-1,3487,1621,-1,-1,-1,-1,-1,-1,-1,-1,1,-1
40051,1,10,10000028,-1,-1,1,1,-1,-1,-1,-1,80051,-1,-1,-1,-1,-1,-1,-1,-1,-1,-1,-1,-1,-1,-1,-1,-1,-1,-1,-1,-1,-1,-1,4437,1751,-1,-1,-1,-1,-1,-1,-1,-1,1,-1
40061,1,10,10000028,-1,-1,1,1,-1,-1,-1,-1,80061,-1,-1,-1,-1,-1,-1,-1,-1,-1,-1,-1,-1,-1,-1,-1,-1,-1,-1,-1,-1,-1,-1,5282,1908,-1,-1,-1,-1,-1,-1,-1,-1,1,-1
40071,1,10,10000028,-1,-1,1,1,-1,-1,-1,-1,80071,-1,-1,-1,-1,-1,-1,-1,-1,-1,-1,-1,-1,-1,-1,-1,-1,-1,-1,-1,-1,-1,-1,6541,2109,-1,-1,-1,-1,-1,-1,-1,-1,1,-1
40081,1,10,10000028,-1,-1,1,1,-1,-1,-1,-1,80081,-1,-1,-1,-1,-1,-1,-1,-1,-1,-1,-1,-1,-1,-1,-1,-1,-1,-1,-1,-1,-1,-1,7783,2344,-1,-1,-1,-1,-1,-1,-1,-1,1,-1
40091,1,10,10000028,-1,-1,1,1,-1,-1,-1,-1,80091,-1,-1,-1,-1,-1,-1,-1,-1,-1,-1,-1,-1,-1,-1,-1,-1,-1,-1,-1,-1,-1,-1,8978,2662,-1,-1,-1,-1,-1,-1,-1,-1,1,-1
40101,1,10,10000028,-1,-1,1,1,-1,-1,-1,-1,80101,-1,-1,-1,-1,-1,-1,-1,-1,-1,-1,-1,-1,-1,-1,-1,-1,-1,-1,-1,-1,-1,-1,10015,2932,-1,-1,-1,-1,-1,-1,-1,-1,1,-1
40111,1,10,10000028,-1,-1,1,1,-1,-1,-1,-1,80111,-1,-1,-1,-1,-1,-1,-1,-1,-1,-1,-1,-1,-1,-1,-1,-1,-1,-1,-1,-1,-1,-1,11986,3213,-1,-1,-1,-1,-1,-1,-1,-1,1,-1
