510000,1,1,3,-1,0,1,10,5,1001,-1,-1,-1,-1,-1,-1,-1,-1,-1,-1,-1,-1,-1,-1,-1,-1,-1,-1,-1,-1,-1,-1,1
5100000,1,1,3,-1,0,1,10,5,1001,-1,-1,-1,-1,-1,-1,-1,-1,-1,-1,-1,-1,-1,-1,-1,-1,-1,-1,-1,-1,-1,-1,1
511000,1,5,4,-1,1,3,103,1,2101,-1,-1,-1,-1,-1,-1,-1,-1,-1,-1,-1,-1,-1,-1,-1,-1,-1,-1,-1,-1,-1,-1,5
511001,1,5,4,-1,1,3,15,5,2102,27,100,-1,-1,-1,-1,-1,-1,-1,-1,-1,-1,-1,-1,-1,-1,-1,-1,-1,-1,-1,-1,1
511002,1,5,4,-1,0,3,24,104,2005,-1,100,-1,-1,-1,-1,-1,-1,-1,-1,-1,-1,-1,-1,-1,-1,-1,-1,-1,-1,-1,-1,1
511003,1,5,4,-1,0,3,15,1,2006,-1,100,-1,-1,-1,-1,-1,-1,-1,-1,-1,-1,-1,-1,-1,-1,-1,-1,-1,-1,-1,-1,4
511004,1,5,4,-1,0,3,24,35,2105,32,100,-1,-1,-1,-1,-1,-1,-1,-1,-1,-1,-1,-1,-1,-1,-1,-1,-1,-1,-1,-1,3
511005,1,5,4,-1,1,3,15,52,2107,33,100,-1,-1,-1,-1,-1,-1,-1,-1,-1,-1,-1,-1,-1,-1,-1,-1,-1,-1,-1,-1,2
511006,1,5,4,-1,0,3,15,35,2109,35,100,-1,-1,-1,-1,-1,-1,-1,-1,-1,-1,-1,-1,-1,-1,-1,-1,-1,-1,-1,-1,5
511007,1,5,4,-1,0,3,15,1,2110,100,100,-1,-1,-1,-1,-1,-1,-1,-1,-1,-1,-1,-1,-1,-1,-1,-1,-1,-1,-1,-1,2
511008,1,5,4,-1,0,3,15,35,2111,34,100,-1,-1,-1,-1,-1,-1,-1,-1,-1,-1,-1,-1,-1,-1,-1,-1,-1,-1,-1,-1,1
511009,1,5,4,-1,0,3,15,20,2112,100,100,-1,-1,-1,-1,-1,-1,-1,-1,-1,-1,-1,-1,-1,-1,-1,-1,-1,-1,-1,-1,1
511010,1,5,4,-1,0,3,15,20,2205,20,100,-1,-1,-1,-1,-1,-1,-1,-1,-1,-1,-1,-1,-1,-1,-1,-1,-1,-1,-1,-1,4
511011,1,1,4,-1,0,3,15,35,2206,20,100,-1,-1,-1,-1,-1,-1,-1,-1,-1,-1,-1,-1,-1,-1,-1,-1,-1,-1,-1,-1,4
511013,1,1,4,-1,0,3,15,35,2207,38,100,-1,-1,-1,-1,-1,-1,-1,-1,-1,-1,-1,-1,-1,-1,-1,-1,-1,-1,-1,-1,4
511014,1,1,4,-1,0,3,15,20,2208,20,100,-1,-1,-1,-1,-1,-1,-1,-1,-1,-1,-1,-1,-1,-1,-1,-1,-1,-1,-1,-1,5
511015,1,1,4,-1,0,3,15,20,2208,20,100,-1,-1,-1,-1,-1,-1,-1,-1,-1,-1,-1,-1,-1,-1,-1,-1,-1,-1,-1,-1,5
512000,1,1,7,-1,1,1,24,52,2001,-1,-1,-1,-1,-1,-1,-1,-1,-1,-1,-1,-1,-1,-1,-1,-1,-1,-1,-1,-1,-1,-1,8
513005,1,1,4,-1,1,3,15,55,2008,-1,100,-1,1003,11,100,-1,1017,11,100,-1,-1,-1,-1,-1,-1,-1,-1,-1,-1,-1,-1,1
520000,1,1,3,-1,1,2,10,5,1001,-1,-1,-1,-1,-1,-1,-1,-1,-1,-1,-1,-1,-1,-1,-1,-1,-1,-1,-1,-1,-1,-1,1
521000,1,5,4,-1,1,3,103,20,2114,-1,-1,-1,-1,-1,-1,-1,-1,-1,-1,-1,-1,-1,-1,-1,-1,-1,-1,-1,-1,-1,-1,5
521001,1,5,4,-1,1,3,30,37,2011,-1,100,-1,-1,-1,-1,-1,-1,-1,-1,-1,-1,-1,-1,-1,-1,-1,-1,-1,-1,-1,-1,2
521002,1,5,4,-1,1,3,30,61,2115,30,-1,-1,-1,-1,-1,-1,-1,-1,-1,-1,-1,-1,-1,-1,-1,-1,-1,-1,-1,-1,-1,1
521003,1,5,4,-1,1,3,30,61,2116,31,-1,-1,-1,-1,-1,-1,-1,-1,-1,-1,-1,-1,-1,-1,-1,-1,-1,-1,-1,-1,-1,1
521004,1,5,4,-1,1,3,30,57,2004,-1,100,-1,-1,-1,-1,-1,-1,-1,-1,-1,-1,-1,-1,-1,-1,-1,-1,-1,-1,-1,-1,1
521005,1,5,4,-1,1,3,30,31,2118,-1,100,-1,-1,-1,-1,-1,-1,-1,-1,-1,-1,-1,-1,-1,-1,-1,-1,-1,-1,-1,-1,6
521006,1,5,4,-1,1,3,30,57,2122,100,100,-1,-1,-1,-1,-1,-1,-1,-1,-1,-1,-1,-1,-1,-1,-1,-1,-1,-1,-1,-1,8
521007,1,5,4,-1,1,3,30,57,2123,100,100,-1,-1,-1,-1,-1,-1,-1,-1,-1,-1,-1,-1,-1,-1,-1,-1,-1,-1,-1,-1,1
521008,1,5,4,-1,1,3,30,57,2124,100,100,-1,-1,-1,-1,-1,-1,-1,-1,-1,-1,-1,-1,-1,-1,-1,-1,-1,-1,-1,-1,5
521009,1,5,4,-1,1,3,1,1,2125,100,100,-1,-1,-1,-1,-1,-1,-1,-1,-1,-1,-1,-1,-1,-1,-1,-1,-1,-1,-1,-1,3
521010,1,1,4,-1,1,3,30,46,2013,-1,100,-1,-1,-1,-1,-1,-1,-1,-1,-1,-1,-1,-1,-1,-1,-1,-1,-1,-1,-1,-1,1
521011,1,5,4,-1,1,3,30,57,2209,20,100,-1,-1,-1,-1,-1,-1,-1,-1,-1,-1,-1,-1,-1,-1,-1,-1,-1,-1,-1,-1,4
521012,1,5,4,-1,1,3,30,57,2210,39,-1,-1,-1,-1,-1,-1,-1,-1,-1,-1,-1,-1,-1,-1,-1,-1,-1,-1,-1,-1,-1,5
522000,1,1,7,-1,1,2,30,52,2001,-1,-1,-1,-1,-1,-1,-1,-1,-1,-1,-1,-1,-1,-1,-1,-1,-1,-1,-1,-1,-1,-1,8
523001,1,3,4,-1,1,3,-1,-1,2203,35,100,-1,-1,-1,-1,-1,-1,-1,-1,-1,-1,-1,-1,-1,-1,-1,-1,-1,-1,-1,-1,4
523002,1,3,4,-1,1,3,-1,-1,2204,25,100,-1,-1,-1,-1,-1,-1,-1,-1,-1,-1,-1,-1,-1,-1,-1,-1,-1,-1,-1,-1,1
530000,1,1,3,-1,0,1,10,5,1001,-1,-1,-1,-1,-1,-1,-1,-1,-1,-1,-1,-1,-1,-1,-1,-1,-1,-1,-1,-1,-1,-1,1
531000,1,5,4,-1,0,3,103,25,2126,26,-1,-1,-1,-1,-1,-1,-1,-1,-1,-1,-1,-1,-1,-1,-1,-1,-1,-1,-1,-1,-1,3
531001,1,5,4,-1,1,3,24,52,2008,-1,100,-1,1004,9,50,-1,-1,-1,-1,-1,-1,-1,-1,-1,-1,-1,-1,-1,-1,-1,-1,3
531002,1,5,4,-1,1,3,30,57,2134,100,100,-1,-1,-1,-1,-1,-1,-1,-1,-1,-1,-1,-1,-1,-1,-1,-1,-1,-1,-1,-1,2
531003,1,5,4,-1,1,3,24,38,2128,29,100,-1,-1,-1,-1,-1,-1,-1,-1,-1,-1,-1,-1,-1,-1,-1,-1,-1,-1,-1,-1,3
531004,1,5,4,-1,0,3,30,61,2010,-1,100,-1,-1,-1,-1,-1,-1,-1,-1,-1,-1,-1,-1,-1,-1,-1,-1,-1,-1,-1,-1,4
531005,1,5,4,-1,0,3,24,39,2009,34,100,-1,-1,-1,-1,-1,-1,-1,-1,-1,-1,-1,-1,-1,-1,-1,-1,-1,-1,-1,-1,3
531006,1,5,4,-1,1,3,30,35,2136,100,100,-1,-1,-1,-1,-1,-1,-1,-1,-1,-1,-1,-1,-1,-1,-1,-1,-1,-1,-1,-1,2
531007,1,5,4,-1,1,3,30,57,2135,100,100,-1,-1,-1,-1,-1,-1,-1,-1,-1,-1,-1,-1,-1,-1,-1,-1,-1,-1,-1,-1,1
531008,1,5,4,-1,0,3,24,47,2131,34,100,-1,-1,-1,-1,-1,-1,-1,-1,-1,-1,-1,-1,-1,-1,-1,-1,-1,-1,-1,-1,1
531009,1,5,4,-1,1,3,30,57,2137,100,100,-1,-1,-1,-1,-1,-1,-1,-1,-1,-1,-1,-1,-1,-1,-1,-1,-1,-1,-1,-1,3
531010,1,1,4,-1,0,3,30,41,2014,70,100,-1,-1,-1,-1,-1,-1,-1,-1,-1,-1,-1,-1,-1,-1,-1,-1,-1,-1,-1,-1,3
531011,1,5,4,-1,0,3,30,41,2211,40,100,-1,2009,34,-1,-1,-1,-1,-1,-1,-1,-1,-1,-1,-1,-1,-1,-1,-1,-1,-1,3
531012,1,5,4,-1,1,3,30,57,2137,100,100,-1,-1,-1,-1,-1,-1,-1,-1,-1,-1,-1,-1,-1,-1,-1,-1,-1,-1,-1,-1,1
531013,1,5,4,-1,0,3,30,41,2014,70,100,-1,-1,-1,-1,-1,-1,-1,-1,-1,-1,-1,-1,-1,-1,-1,-1,-1,-1,-1,-1,3
531014,1,5,4,-1,0,3,30,41,2211,40,100,-1,2009,34,-1,-1,-1,-1,-1,-1,-1,-1,-1,-1,-1,-1,-1,-1,-1,-1,-1,3
532000,1,1,7,-1,0,1,24,52,2001,-1,-1,-1,-1,-1,-1,-1,-1,-1,-1,-1,-1,-1,-1,-1,-1,-1,-1,-1,-1,-1,-1,6
533000,1,1,3,-1,1,1,24,5,1001,-1,-1,-1,-1,-1,-1,-1,-1,-1,-1,-1,-1,-1,-1,-1,-1,-1,-1,-1,-1,-1,-1,2
541001,2,5,1,-1,-1,0,-1,-1,1009,12,100,73,-1,-1,-1,-1,-1,-1,-1,-1,-1,-1,-1,-1,-1,-1,-1,-1,-1,-1,-1,0
541002,2,5,1,-1,-1,0,-1,-1,1009,15,100,67,-1,-1,-1,-1,-1,-1,-1,-1,-1,-1,-1,-1,-1,-1,-1,-1,-1,-1,-1,0
541003,2,5,1,-1,-1,0,-1,-1,1009,13,100,107,-1,-1,-1,-1,-1,-1,-1,-1,-1,-1,-1,-1,-1,-1,-1,-1,-1,-1,-1,0
541004,2,5,1,-1,-1,0,-1,-1,1009,13,100,107,-1,-1,-1,-1,-1,-1,-1,-1,-1,-1,-1,-1,-1,-1,-1,-1,-1,-1,-1,0
541005,2,5,1,-1,-1,0,-1,-1,1009,13,100,107,-1,-1,-1,-1,-1,-1,-1,-1,-1,-1,-1,-1,-1,-1,-1,-1,-1,-1,-1,0
541006,2,5,6,3,-1,0,-1,-1,1001,11,100,102,1001,8,100,105,1001,8,100,108,-1,-1,-1,-1,-1,-1,-1,-1,-1,-1,-1,0
541007,2,5,1,-1,-1,0,-1,-1,1009,13,100,107,-1,-1,-1,-1,-1,-1,-1,-1,-1,-1,-1,-1,-1,-1,-1,-1,-1,-1,-1,0
541008,2,5,6,3,-1,0,-1,-1,1001,11,100,102,1001,8,100,105,1001,8,100,108,-1,-1,-1,-1,-1,-1,-1,-1,-1,-1,-1,0
541009,2,5,1,-1,-1,0,-1,-1,1009,10,100,63,-1,-1,-1,-1,-1,-1,-1,-1,-1,-1,-1,-1,-1,-1,-1,-1,-1,-1,-1,0
541010,2,5,1,-1,-1,0,-1,-1,1009,12,100,73,-1,-1,-1,-1,-1,-1,-1,-1,-1,-1,-1,-1,-1,-1,-1,-1,-1,-1,-1,0
541011,2,5,1,-1,-1,0,-1,-1,1009,12,100,73,-1,-1,-1,-1,-1,-1,-1,-1,-1,-1,-1,-1,-1,-1,-1,-1,-1,-1,-1,0
541012,2,5,1,-1,-1,0,-1,-1,1009,12,100,73,-1,-1,-1,-1,-1,-1,-1,-1,-1,-1,-1,-1,-1,-1,-1,-1,-1,-1,-1,0
542001,2,5,1,-1,-1,0,-1,-1,1009,10,100,63,-1,-1,-1,-1,-1,-1,-1,-1,-1,-1,-1,-1,-1,-1,-1,-1,-1,-1,-1,0
542002,2,5,1,-1,-1,0,-1,-1,1001,11,100,102,1001,8,100,105,1001,8,100,108,-1,-1,-1,-1,-1,-1,-1,-1,-1,-1,-1,0
542003,2,5,1,-1,-1,0,-1,-1,1009,13,100,107,-1,-1,-1,-1,-1,-1,-1,-1,-1,-1,-1,-1,-1,-1,-1,-1,-1,-1,-1,0
542004,2,5,1,-1,-1,0,-1,-1,1009,13,100,107,-1,-1,-1,-1,-1,-1,-1,-1,-1,-1,-1,-1,-1,-1,-1,-1,-1,-1,-1,0
542005,2,5,1,-1,-1,0,-1,-1,1009,13,100,107,-1,-1,-1,-1,-1,-1,-1,-1,-1,-1,-1,-1,-1,-1,-1,-1,-1,-1,-1,0
542006,2,5,6,3,-1,0,-1,-1,1001,11,100,102,1001,8,100,105,1001,8,100,108,-1,-1,-1,-1,-1,-1,-1,-1,-1,-1,-1,0
542007,2,5,1,-1,-1,0,-1,-1,1009,13,100,107,-1,-1,-1,-1,-1,-1,-1,-1,-1,-1,-1,-1,-1,-1,-1,-1,-1,-1,-1,0
542008,2,5,6,3,-1,0,-1,-1,1009,13,100,107,-1,-1,-1,-1,-1,-1,-1,-1,-1,-1,-1,-1,-1,-1,-1,-1,-1,-1,-1,0
542009,2,5,1,-1,-1,0,-1,-1,1009,10,100,63,-1,-1,-1,-1,-1,-1,-1,-1,-1,-1,-1,-1,-1,-1,-1,-1,-1,-1,-1,0
542010,2,5,1,-1,-1,0,-1,-1,1009,10,100,63,-1,-1,-1,-1,-1,-1,-1,-1,-1,-1,-1,-1,-1,-1,-1,-1,-1,-1,-1,0
542011,2,5,1,-1,-1,0,-1,-1,1009,10,100,63,-1,-1,-1,-1,-1,-1,-1,-1,-1,-1,-1,-1,-1,-1,-1,-1,-1,-1,-1,0
542012,2,5,6,3,-1,0,-1,-1,1009,13,100,107,-1,-1,-1,-1,-1,-1,-1,-1,-1,-1,-1,-1,-1,-1,-1,-1,-1,-1,-1,0
543001,2,5,1,-1,-1,0,-1,-1,1009,12,100,60,-1,-1,-1,-1,-1,-1,-1,-1,-1,-1,-1,-1,-1,-1,-1,-1,-1,-1,-1,0
543002,2,5,1,-1,-1,0,-1,-1,1009,12,100,60,-1,-1,-1,-1,-1,-1,-1,-1,-1,-1,-1,-1,-1,-1,-1,-1,-1,-1,-1,0
543003,2,5,1,-1,-1,0,-1,-1,1009,13,100,107,-1,-1,-1,-1,-1,-1,-1,-1,-1,-1,-1,-1,-1,-1,-1,-1,-1,-1,-1,0
543004,2,5,1,-1,-1,0,-1,-1,1009,13,100,107,-1,-1,-1,-1,-1,-1,-1,-1,-1,-1,-1,-1,-1,-1,-1,-1,-1,-1,-1,0
543005,2,5,1,-1,-1,0,-1,-1,1009,13,100,107,-1,-1,-1,-1,-1,-1,-1,-1,-1,-1,-1,-1,-1,-1,-1,-1,-1,-1,-1,0
543006,2,5,6,3,-1,0,-1,-1,1001,11,100,102,1001,8,100,105,1001,8,100,108,-1,-1,-1,-1,-1,-1,-1,-1,-1,-1,-1,0
543007,2,5,1,-1,-1,0,-1,-1,1009,13,100,107,-1,-1,-1,-1,-1,-1,-1,-1,-1,-1,-1,-1,-1,-1,-1,-1,-1,-1,-1,0
543008,2,5,6,3,-1,0,-1,-1,1009,13,100,107,-1,-1,-1,-1,-1,-1,-1,-1,-1,-1,-1,-1,-1,-1,-1,-1,-1,-1,-1,0
543009,2,5,1,-1,-1,0,-1,-1,1009,10,100,63,-1,-1,-1,-1,-1,-1,-1,-1,-1,-1,-1,-1,-1,-1,-1,-1,-1,-1,-1,0
543010,2,5,6,3,-1,0,-1,-1,1009,13,100,107,-1,-1,-1,-1,-1,-1,-1,-1,-1,-1,-1,-1,-1,-1,-1,-1,-1,-1,-1,0
543011,2,5,6,3,-1,0,-1,-1,1009,13,100,107,-1,-1,-1,-1,-1,-1,-1,-1,-1,-1,-1,-1,-1,-1,-1,-1,-1,-1,-1,0
543012,2,5,6,3,-1,0,-1,-1,1009,13,100,107,-1,-1,-1,-1,-1,-1,-1,-1,-1,-1,-1,-1,-1,-1,-1,-1,-1,-1,-1,0
544001,2,1,1,3,-1,0,-1,-1,1025,-5,100,-1,-1,-1,-1,-1,-1,-1,-1,-1,-1,-1,-1,-1,-1,-1,-1,-1,-1,-1,-1,0
544002,2,1,1,3,-1,0,-1,-1,1026,-5,100,-1,-1,-1,-1,-1,-1,-1,-1,-1,-1,-1,-1,-1,-1,-1,-1,-1,-1,-1,-1,0
544003,2,1,1,3,-1,0,-1,-1,1027,-5,100,-1,-1,-1,-1,-1,-1,-1,-1,-1,-1,-1,-1,-1,-1,-1,-1,-1,-1,-1,-1,0
544004,2,1,1,3,-1,0,-1,-1,1021,-5,100,-1,-1,-1,-1,-1,-1,-1,-1,-1,-1,-1,-1,-1,-1,-1,-1,-1,-1,-1,-1,0
544005,2,1,1,3,-1,0,-1,-1,1022,-5,100,-1,-1,-1,-1,-1,-1,-1,-1,-1,-1,-1,-1,-1,-1,-1,-1,-1,-1,-1,-1,0
544006,2,1,1,3,-1,0,-1,-1,1023,-5,100,-1,-1,-1,-1,-1,-1,-1,-1,-1,-1,-1,-1,-1,-1,-1,-1,-1,-1,-1,-1,0
544007,2,1,1,3,-1,0,-1,-1,1025,5,100,-1,-1,-1,-1,-1,-1,-1,-1,-1,-1,-1,-1,-1,-1,-1,-1,-1,-1,-1,-1,0
544008,2,1,1,3,-1,0,-1,-1,1026,5,100,-1,-1,-1,-1,-1,-1,-1,-1,-1,-1,-1,-1,-1,-1,-1,-1,-1,-1,-1,-1,0
544009,2,1,1,3,-1,0,-1,-1,1027,5,100,-1,-1,-1,-1,-1,-1,-1,-1,-1,-1,-1,-1,-1,-1,-1,-1,-1,-1,-1,-1,0
544010,2,1,1,-1,-1,0,-1,-1,1009,6,100,40,-1,-1,-1,-1,-1,-1,-1,-1,-1,-1,-1,-1,-1,-1,-1,-1,-1,-1,-1,0
544011,2,1,1,-1,-1,0,-1,-1,1009,6,100,41,-1,-1,-1,-1,-1,-1,-1,-1,-1,-1,-1,-1,-1,-1,-1,-1,-1,-1,-1,0
544012,2,1,1,-1,-1,0,-1,-1,1009,6,100,42,-1,-1,-1,-1,-1,-1,-1,-1,-1,-1,-1,-1,-1,-1,-1,-1,-1,-1,-1,0
544013,2,1,1,-1,-1,0,-1,-1,1009,5,100,43,-1,-1,-1,-1,-1,-1,-1,-1,-1,-1,-1,-1,-1,-1,-1,-1,-1,-1,-1,0
544014,2,1,5,1,-1,0,-1,-1,1024,5,100,2,-1,-1,-1,-1,-1,-1,-1,-1,-1,-1,-1,-1,-1,-1,-1,-1,-1,-1,-1,3
544101,2,2,1,-1,-1,0,-1,-1,1009,4,100,67,-1,-1,-1,-1,-1,-1,-1,-1,-1,-1,-1,-1,-1,-1,-1,-1,-1,-1,-1,0
544102,2,2,1,-1,-1,0,-1,-1,1009,3,100,68,-1,-1,-1,-1,-1,-1,-1,-1,-1,-1,-1,-1,-1,-1,-1,-1,-1,-1,-1,0
544103,2,2,1,-1,-1,0,-1,-1,1009,3,100,70,-1,-1,-1,-1,-1,-1,-1,-1,-1,-1,-1,-1,-1,-1,-1,-1,-1,-1,-1,0
544104,2,2,1,-1,-1,0,-1,-1,1009,3,100,72,-1,-1,-1,-1,-1,-1,-1,-1,-1,-1,-1,-1,-1,-1,-1,-1,-1,-1,-1,0
544105,2,2,1,-1,-1,0,-1,-1,1009,3,100,69,-1,-1,-1,-1,-1,-1,-1,-1,-1,-1,-1,-1,-1,-1,-1,-1,-1,-1,-1,0
544106,2,2,1,-1,-1,0,-1,-1,1009,3,100,71,-1,-1,-1,-1,-1,-1,-1,-1,-1,-1,-1,-1,-1,-1,-1,-1,-1,-1,-1,0
544107,2,2,1,-1,-1,0,-1,-1,1009,3,100,73,-1,-1,-1,-1,-1,-1,-1,-1,-1,-1,-1,-1,-1,-1,-1,-1,-1,-1,-1,0
544108,2,2,5,1,-1,0,-1,-1,1024,10,100,1,-1,-1,-1,-1,-1,-1,-1,-1,-1,-1,-1,-1,-1,-1,-1,-1,-1,-1,-1,3
544109,2,2,1,3,-1,0,-1,-1,1021,9,100,-1,-1,-1,-1,-1,-1,-1,-1,-1,-1,-1,-1,-1,-1,-1,-1,-1,-1,-1,-1,0
544110,2,2,1,3,-1,0,-1,-1,1022,9,100,-1,-1,-1,-1,-1,-1,-1,-1,-1,-1,-1,-1,-1,-1,-1,-1,-1,-1,-1,-1,0
544111,2,2,1,3,-1,0,-1,-1,1023,9,100,-1,-1,-1,-1,-1,-1,-1,-1,-1,-1,-1,-1,-1,-1,-1,-1,-1,-1,-1,-1,0
544112,2,2,2,3,-1,0,-1,-1,1035,5,100,130,-1,-1,-1,-1,-1,-1,-1,-1,-1,-1,-1,-1,-1,-1,-1,-1,-1,-1,-1,3
544113,2,2,2,3,-1,0,-1,-1,1035,5,100,132,-1,-1,-1,-1,-1,-1,-1,-1,-1,-1,-1,-1,-1,-1,-1,-1,-1,-1,-1,3
544114,2,2,2,3,-1,0,-1,-1,1035,5,100,133,-1,-1,-1,-1,-1,-1,-1,-1,-1,-1,-1,-1,-1,-1,-1,-1,-1,-1,-1,3
544201,2,3,5,1,-1,0,-1,-1,1024,30,100,1,-1,-1,-1,-1,-1,-1,-1,-1,-1,-1,-1,-1,-1,-1,-1,-1,-1,-1,-1,3
544202,2,3,1,-1,-1,0,-1,-1,1009,10,100,67,-1,-1,-1,-1,-1,-1,-1,-1,-1,-1,-1,-1,-1,-1,-1,-1,-1,-1,-1,0
544203,2,3,1,-1,-1,0,-1,-1,1009,6,100,68,-1,-1,-1,-1,-1,-1,-1,-1,-1,-1,-1,-1,-1,-1,-1,-1,-1,-1,-1,0
544204,2,3,1,-1,-1,0,-1,-1,1009,6,100,70,-1,-1,-1,-1,-1,-1,-1,-1,-1,-1,-1,-1,-1,-1,-1,-1,-1,-1,-1,0
544205,2,3,1,-1,-1,0,-1,-1,1009,6,100,72,-1,-1,-1,-1,-1,-1,-1,-1,-1,-1,-1,-1,-1,-1,-1,-1,-1,-1,-1,0
544206,2,3,1,-1,-1,0,-1,-1,1009,6,100,69,-1,-1,-1,-1,-1,-1,-1,-1,-1,-1,-1,-1,-1,-1,-1,-1,-1,-1,-1,0
544207,2,3,1,-1,-1,0,-1,-1,1009,6,100,71,-1,-1,-1,-1,-1,-1,-1,-1,-1,-1,-1,-1,-1,-1,-1,-1,-1,-1,-1,0
544208,2,3,1,-1,-1,0,-1,-1,1009,6,100,73,-1,-1,-1,-1,-1,-1,-1,-1,-1,-1,-1,-1,-1,-1,-1,-1,-1,-1,-1,0
544209,2,3,6,3,-1,0,-1,-1,1001,6,100,100,1001,6,100,103,1001,6,100,106,-1,-1,-1,-1,-1,-1,-1,-1,-1,-1,-1,0
544210,2,3,6,3,-1,0,-1,-1,1001,7,100,102,1001,7,100,105,1001,7,100,108,-1,-1,-1,-1,-1,-1,-1,-1,-1,-1,-1,0
544211,2,3,5,1,-1,0,-1,-1,1038,50,30,-1,-1,-1,-1,-1,-1,-1,-1,-1,-1,-1,-1,-1,-1,-1,-1,-1,-1,-1,-1,0
544301,2,4,5,3,-1,0,-1,-1,1040,-5,100,2,1040,-5,100,3,-1,-1,-1,-1,-1,-1,-1,-1,-1,-1,-1,-1,-1,-1,-1,0
544302,2,4,1,3,-1,0,-1,-1,1009,10,100,102,-1,-1,-1,-1,-1,-1,-1,-1,-1,-1,-1,-1,-1,-1,-1,-1,-1,-1,-1,0
544303,2,4,1,3,-1,0,-1,-1,1009,10,100,105,-1,-1,-1,-1,-1,-1,-1,-1,-1,-1,-1,-1,-1,-1,-1,-1,-1,-1,-1,0
544304,2,4,1,3,-1,0,-1,-1,1009,11,100,108,-1,-1,-1,-1,-1,-1,-1,-1,-1,-1,-1,-1,-1,-1,-1,-1,-1,-1,-1,0
544305,2,4,1,3,-1,0,-1,-1,1043,50,100,170,-1,-1,-1,-1,-1,-1,-1,-1,-1,-1,-1,-1,-1,-1,-1,-1,-1,-1,-1,0
544306,2,4,1,3,-1,0,-1,-1,1043,50,100,171,-1,-1,-1,-1,-1,-1,-1,-1,-1,-1,-1,-1,-1,-1,-1,-1,-1,-1,-1,0
544307,2,4,1,3,-1,0,-1,-1,1043,30,100,172,-1,-1,-1,-1,-1,-1,-1,-1,-1,-1,-1,-1,-1,-1,-1,-1,-1,-1,-1,0
544308,2,4,1,3,-1,0,-1,-1,1043,30,100,173,-1,-1,-1,-1,-1,-1,-1,-1,-1,-1,-1,-1,-1,-1,-1,-1,-1,-1,-1,0
544309,2,4,5,1,-1,0,-1,-1,1024,5,100,2,-1,-1,-1,-1,-1,-1,-1,-1,-1,-1,-1,-1,-1,-1,-1,-1,-1,-1,-1,3
544401,2,5,6,3,-1,0,-1,-1,1001,90,100,139,-1,-1,-1,-1,-1,-1,-1,-1,-1,-1,-1,-1,-1,-1,-1,-1,-1,-1,-1,0
544402,2,5,6,3,-1,0,-1,-1,1001,90,100,109,-1,-1,-1,-1,-1,-1,-1,-1,-1,-1,-1,-1,-1,-1,-1,-1,-1,-1,-1,0
544403,2,5,6,3,-1,0,-1,-1,1001,50,100,1,-1,-1,-1,-1,-1,-1,-1,-1,-1,-1,-1,-1,-1,-1,-1,-1,-1,-1,-1,0
544404,2,5,5,1,-1,0,-1,-1,1038,100,45,-1,-1,-1,-1,-1,-1,-1,-1,-1,-1,-1,-1,-1,-1,-1,-1,-1,-1,-1,-1,0
544405,2,5,6,3,-1,0,-1,-1,1037,1,100,137,-1,-1,-1,-1,-1,-1,-1,-1,-1,-1,-1,-1,-1,-1,-1,-1,-1,-1,-1,0
544406,2,5,5,3,-1,0,-1,-1,1040,5,100,1,-1,-1,-1,-1,-1,-1,-1,-1,-1,-1,-1,-1,-1,-1,-1,-1,-1,-1,-1,0
544407,2,5,6,-1,-1,0,-1,-1,1040,40,100,1,1003,13,100,-1,-1,-1,-1,-1,-1,-1,-1,-1,-1,-1,-1,-1,-1,-1,-1,0
544408,2,5,6,2,-1,0,-1,-1,1041,-1,100,-1,-1,-1,-1,-1,-1,-1,-1,-1,-1,-1,-1,-1,-1,-1,-1,-1,-1,-1,-1,0
544409,2,5,1,3,-1,0,-1,-1,1036,1,100,168,-1,-1,-1,-1,-1,-1,-1,-1,-1,-1,-1,-1,-1,-1,-1,-1,-1,-1,-1,0
544410,2,5,1,3,-1,0,-1,-1,1043,50,100,173,-1,-1,-1,-1,-1,-1,-1,-1,-1,-1,-1,-1,-1,-1,-1,-1,-1,-1,-1,0
544411,2,5,6,-1,-1,0,-1,-1,1005,3,100,68,1005,3,100,70,1005,3,100,72,-1,-1,-1,-1,-1,-1,-1,-1,-1,-1,-1,3
544412,2,5,6,2,-1,0,-1,-1,1006,3,100,69,1006,3,100,71,1006,3,100,73,-1,-1,-1,-1,-1,-1,-1,-1,-1,-1,-1,3
600000,1,1,3,-1,0,1,10,5,-1,-1,-1,-1,-1,-1,-1,-1,-1,-1,-1,-1,-1,-1,-1,-1,-1,-1,-1,-1,-1,-1,-1,1
600001,1,1,3,-1,1,1,8,5,-1,-1,-1,-1,-1,-1,-1,-1,-1,-1,-1,-1,-1,-1,-1,-1,-1,-1,-1,-1,-1,-1,-1,1
600002,1,1,3,-1,0,1,5,5,-1,-1,-1,-1,-1,-1,-1,-1,-1,-1,-1,-1,-1,-1,-1,-1,-1,-1,-1,-1,-1,-1,-1,1
600003,1,1,3,-1,0,1,5,5,-1,-1,-1,-1,-1,-1,-1,-1,-1,-1,-1,-1,-1,-1,-1,-1,-1,-1,-1,-1,-1,-1,-1,1
600004,1,1,3,-1,1,2,8,5,-1,-1,-1,-1,-1,-1,-1,-1,-1,-1,-1,-1,-1,-1,-1,-1,-1,-1,-1,-1,-1,-1,-1,1
600005,1,1,3,-1,1,2,10,5,-1,-1,-1,-1,-1,-1,-1,-1,-1,-1,-1,-1,-1,-1,-1,-1,-1,-1,-1,-1,-1,-1,-1,1
600006,1,1,3,-1,0,1,10,5,-1,-1,-1,-1,-1,-1,-1,-1,-1,-1,-1,-1,-1,-1,-1,-1,-1,-1,-1,-1,-1,-1,-1,1
600007,1,1,3,-1,0,1,15,5,-1,-1,-1,-1,-1,-1,-1,-1,-1,-1,-1,-1,-1,-1,-1,-1,-1,-1,-1,-1,-1,-1,-1,1
600008,1,1,3,-1,0,1,15,25,-1,-1,-1,-1,-1,-1,-1,-1,-1,-1,-1,-1,-1,-1,-1,-1,-1,-1,-1,-1,-1,-1,-1,1
600009,1,1,3,-1,1,1,10,25,-1,-1,-1,-1,-1,-1,-1,-1,-1,-1,-1,-1,-1,-1,-1,-1,-1,-1,-1,-1,-1,-1,-1,1
600010,1,1,3,-1,0,1,5,25,-1,-1,-1,-1,-1,-1,-1,-1,-1,-1,-1,-1,-1,-1,-1,-1,-1,-1,-1,-1,-1,-1,-1,1
600011,1,1,3,-1,0,1,5,25,-1,-1,-1,-1,-1,-1,-1,-1,-1,-1,-1,-1,-1,-1,-1,-1,-1,-1,-1,-1,-1,-1,-1,1
600012,1,1,3,-1,1,2,10,25,-1,-1,-1,-1,-1,-1,-1,-1,-1,-1,-1,-1,-1,-1,-1,-1,-1,-1,-1,-1,-1,-1,-1,1
600013,1,1,3,-1,1,2,15,25,-1,-1,-1,-1,-1,-1,-1,-1,-1,-1,-1,-1,-1,-1,-1,-1,-1,-1,-1,-1,-1,-1,-1,1
600014,1,1,3,-1,0,1,15,25,-1,-1,-1,-1,-1,-1,-1,-1,-1,-1,-1,-1,-1,-1,-1,-1,-1,-1,-1,-1,-1,-1,-1,1
600015,1,1,3,-1,0,1,20,25,-1,-1,-1,-1,-1,-1,-1,-1,-1,-1,-1,-1,-1,-1,-1,-1,-1,-1,-1,-1,-1,-1,-1,1
601000,1,1,4,-1,1,3,15,11,2002,-1,-1,-1,-1,-1,-1,-1,-1,-1,-1,-1,-1,-1,-1,-1,-1,-1,-1,-1,-1,-1,-1,1
601001,1,1,4,-1,1,3,15,11,2003,-1,-1,-1,-1,-1,-1,-1,-1,-1,-1,-1,-1,-1,-1,-1,-1,-1,-1,-1,-1,-1,-1,1
601002,1,1,4,-1,0,3,10,9,2001,-1,-1,-1,-1,-1,-1,-1,-1,-1,-1,-1,-1,-1,-1,-1,-1,-1,-1,-1,-1,-1,-1,3
601003,1,1,4,-1,0,3,25,12,2008,-1,-1,-1,1004,36,-1,-1,-1,-1,-1,-1,-1,-1,-1,-1,-1,-1,-1,-1,-1,-1,-1,3
601004,1,1,4,-1,1,3,25,12,2008,-1,-1,-1,1004,37,-1,-1,-1,-1,-1,-1,-1,-1,-1,-1,-1,-1,-1,-1,-1,-1,-1,1
601005,1,1,4,-1,0,3,10,11,2002,-1,-1,-1,-1,-1,-1,-1,-1,-1,-1,-1,-1,-1,-1,-1,-1,-1,-1,-1,-1,-1,-1,1
601006,1,1,4,-1,0,3,10,11,2003,-1,-1,-1,-1,-1,-1,-1,-1,-1,-1,-1,-1,-1,-1,-1,-1,-1,-1,-1,-1,-1,-1,1
601007,1,1,4,-1,1,3,5,9,2001,-1,-1,-1,-1,-1,-1,-1,-1,-1,-1,-1,-1,-1,-1,-1,-1,-1,-1,-1,-1,-1,-1,3
601008,1,1,4,-1,1,3,15,35,2002,-1,-1,-1,-1,-1,-1,-1,-1,-1,-1,-1,-1,-1,-1,-1,-1,-1,-1,-1,-1,-1,-1,1
601009,1,1,4,-1,1,3,15,35,2003,-1,-1,-1,-1,-1,-1,-1,-1,-1,-1,-1,-1,-1,-1,-1,-1,-1,-1,-1,-1,-1,-1,1
601010,1,1,4,-1,0,3,10,30,2001,-1,-1,-1,-1,-1,-1,-1,-1,-1,-1,-1,-1,-1,-1,-1,-1,-1,-1,-1,-1,-1,-1,3
601011,1,1,4,-1,0,3,25,38,2008,-1,-1,-1,1004,36,-1,-1,-1,-1,-1,-1,-1,-1,-1,-1,-1,-1,-1,-1,-1,-1,-1,3
601012,1,1,4,-1,1,3,25,38,2008,-1,-1,-1,1004,37,-1,-1,-1,-1,-1,-1,-1,-1,-1,-1,-1,-1,-1,-1,-1,-1,-1,1
601013,1,1,4,-1,0,3,10,35,2002,-1,-1,-1,-1,-1,-1,-1,-1,-1,-1,-1,-1,-1,-1,-1,-1,-1,-1,-1,-1,-1,-1,1
601014,1,1,4,-1,0,3,10,35,2003,-1,-1,-1,-1,-1,-1,-1,-1,-1,-1,-1,-1,-1,-1,-1,-1,-1,-1,-1,-1,-1,-1,1
601015,1,1,4,-1,1,3,5,30,2001,-1,-1,-1,-1,-1,-1,-1,-1,-1,-1,-1,-1,-1,-1,-1,-1,-1,-1,-1,-1,-1,-1,3
601016,1,5,4,-1,1,3,30,30,2124,100,100,-1,-1,-1,-1,-1,-1,-1,-1,-1,-1,-1,-1,-1,-1,-1,-1,-1,-1,-1,-1,1
601017,1,5,4,-1,1,3,10,11,2124,100,100,-1,-1,-1,-1,-1,-1,-1,-1,-1,-1,-1,-1,-1,-1,-1,-1,-1,-1,-1,-1,1
601018,1,5,4,-1,0,3,30,30,2124,100,100,-1,-1,-1,-1,-1,-1,-1,-1,-1,-1,-1,-1,-1,-1,-1,-1,-1,-1,-1,-1,1
610001,1,5,2,3,-1,0,-1,-1,1035,50,100,132,-1,-1,-1,-1,-1,-1,-1,-1,-1,-1,-1,-1,-1,-1,-1,-1,-1,-1,-1,2
610002,1,5,2,3,-1,0,-1,-1,1035,50,100,133,-1,-1,-1,-1,-1,-1,-1,-1,-1,-1,-1,-1,-1,-1,-1,-1,-1,-1,-1,2
610003,1,5,2,3,-1,0,-1,-1,1035,70,100,132,-1,-1,-1,-1,-1,-1,-1,-1,-1,-1,-1,-1,-1,-1,-1,-1,-1,-1,-1,2
610004,1,5,2,3,-1,0,-1,-1,1035,70,100,133,-1,-1,-1,-1,-1,-1,-1,-1,-1,-1,-1,-1,-1,-1,-1,-1,-1,-1,-1,2
